instance,n_boxes,input_grid_mm,solver,status,exit_code,pallet_count,objective_bound,mip_gap,reported_runtime_seconds,wall_seconds,output_directory,error
pl001_n010_H900_B2_LB2UB2,10,50,grid_based,completed,0,2,,0.0,3.5243027000688016,4.314,C:\Users\pherrman\Seafile\Meine Bibliothek\projects\Moo_Camp_Pallet_Packing\output\solver_comparison_pallet_count_only_2026-08-18\results\grid_based\pl001_n010_H900_B2_LB2UB2,
pl001_n010_H900_B2_LB2UB2,10,50,coordinate_based,completed,0,2,2.0,0.0,17.311738400021568,17.999,C:\Users\pherrman\Seafile\Meine Bibliothek\projects\Moo_Camp_Pallet_Packing\output\solver_comparison_pallet_count_only_2026-08-18\results\coordinate_based\pl001_n010_H900_B2_LB2UB2,
pl002_n010_H900_2_LB2UB3,10,50,grid_based,completed,0,3,,0.0,2.5692681999644265,8.335,C:\Users\pherrman\Seafile\Meine Bibliothek\projects\Moo_Camp_Pallet_Packing\output\solver_comparison_pallet_count_only_2026-08-18\results\grid_based\pl002_n010_H900_2_LB2UB3,
pl002_n010_H900_2_LB2UB3,10,50,coordinate_based,completed,0,3,2.0,0.3333333333333333,30.180510599981062,30.989,C:\Users\pherrman\Seafile\Meine Bibliothek\projects\Moo_Camp_Pallet_Packing\output\solver_comparison_pallet_count_only_2026-08-18\results\coordinate_based\pl002_n010_H900_2_LB2UB3,
pl003_n010_H450_2_LB3UB3,10,50,grid_based,completed,0,3,,0.0,13.688052400015295,24.929,C:\Users\pherrman\Seafile\Meine Bibliothek\projects\Moo_Camp_Pallet_Packing\output\solver_comparison_pallet_count_only_2026-08-18\results\grid_based\pl003_n010_H450_2_LB3UB3,
pl003_n010_H450_2_LB3UB3,10,50,coordinate_based,completed,0,3,3.0,0.0,29.304455899982713,30.069,C:\Users\pherrman\Seafile\Meine Bibliothek\projects\Moo_Camp_Pallet_Packing\output\solver_comparison_pallet_count_only_2026-08-18\results\coordinate_based\pl003_n010_H450_2_LB3UB3,
pl004_n010_H900_B1_LB2UB3,10,50,grid_based,completed,0,3,,0.0,0.8399251999799162,3.433,C:\Users\pherrman\Seafile\Meine Bibliothek\projects\Moo_Camp_Pallet_Packing\output\solver_comparison_pallet_count_only_2026-08-18\results\grid_based\pl004_n010_H900_B1_LB2UB3,
pl004_n010_H900_B1_LB2UB3,10,50,coordinate_based,completed,0,3,2.0,0.3333333333333333,30.147182999993674,30.79,C:\Users\pherrman\Seafile\Meine Bibliothek\projects\Moo_Camp_Pallet_Packing\output\solver_comparison_pallet_count_only_2026-08-18\results\coordinate_based\pl004_n010_H900_B1_LB2UB3,
pl005_n012_H1200_2_LB2UB2,12,50,grid_based,completed,0,2,,0.0,14.38722259993665,15.062,C:\Users\pherrman\Seafile\Meine Bibliothek\projects\Moo_Camp_Pallet_Packing\output\solver_comparison_pallet_count_only_2026-08-18\results\grid_based\pl005_n012_H1200_2_LB2UB2,
pl005_n012_H1200_2_LB2UB2,12,50,coordinate_based,completed,0,2,2.0,0.0,22.527014499995857,23.197,C:\Users\pherrman\Seafile\Meine Bibliothek\projects\Moo_Camp_Pallet_Packing\output\solver_comparison_pallet_count_only_2026-08-18\results\coordinate_based\pl005_n012_H1200_2_LB2UB2,
pl006_n012_H900_2_LB2UB3,12,50,grid_based,completed,0,3,,0.0,15.906708900001831,62.232,C:\Users\pherrman\Seafile\Meine Bibliothek\projects\Moo_Camp_Pallet_Packing\output\solver_comparison_pallet_count_only_2026-08-18\results\grid_based\pl006_n012_H900_2_LB2UB3,
pl006_n012_H900_2_LB2UB3,12,50,coordinate_based,failed,1,,,,,30.875,C:\Users\pherrman\Seafile\Meine Bibliothek\projects\Moo_Camp_Pallet_Packing\output\solver_comparison_pallet_count_only_2026-08-18\results\coordinate_based\pl006_n012_H900_2_LB2UB3," ""C:\Users\pherrman\Seafile\Meine Bibliothek\projects\Moo_Camp_Pallet_Packing\gurobi_coordinate_solver.py"", line 1059, in <module>     raise SystemExit(main())                      ~~~~^^   File ""C:\Users\pherrman\Seafile\Meine Bibliothek\projects\Moo_Camp_Pallet_Packing\gurobi_coordinate_solver.py"", line 1043, in main     solution, _, _, _ = solve_instance(                         ~~~~~~~~~~~~~~^         input_path,         ^^^^^^^^^^^     ...<3 lines>...         args.print_model,         ^^^^^^^^^^^^^^^^^     )     ^   File ""C:\Users\pherrman\Seafile\Meine Bibliothek\projects\Moo_Camp_Pallet_Packing\gurobi_coordinate_solver.py"", line 892, in solve_instance     solution = exact.solve()   File ""C:\Users\pherrman\Seafile\Meine Bibliothek\projects\Moo_Camp_Pallet_Packing\gurobi_coordinate_solver.py"", line 662, in solve     raise RuntimeError(f""no feasible solution found; Gurobi status={status} ({self.model.Status})"") RuntimeError: no feasible solution found; Gurobi status=TIME_LIMIT (9) "
pl007_n012_H900_B3_LB3UB3,12,50,grid_based,completed,0,3,,0.0,0.49139099998865277,2.019,C:\Users\pherrman\Seafile\Meine Bibliothek\projects\Moo_Camp_Pallet_Packing\output\solver_comparison_pallet_count_only_2026-08-18\results\grid_based\pl007_n012_H900_B3_LB3UB3,
pl007_n012_H900_B3_LB3UB3,12,50,coordinate_based,failed,1,,,,,30.845,C:\Users\pherrman\Seafile\Meine Bibliothek\projects\Moo_Camp_Pallet_Packing\output\solver_comparison_pallet_count_only_2026-08-18\results\coordinate_based\pl007_n012_H900_B3_LB3UB3," ""C:\Users\pherrman\Seafile\Meine Bibliothek\projects\Moo_Camp_Pallet_Packing\gurobi_coordinate_solver.py"", line 1059, in <module>     raise SystemExit(main())                      ~~~~^^   File ""C:\Users\pherrman\Seafile\Meine Bibliothek\projects\Moo_Camp_Pallet_Packing\gurobi_coordinate_solver.py"", line 1043, in main     solution, _, _, _ = solve_instance(                         ~~~~~~~~~~~~~~^         input_path,         ^^^^^^^^^^^     ...<3 lines>...         args.print_model,         ^^^^^^^^^^^^^^^^^     )     ^   File ""C:\Users\pherrman\Seafile\Meine Bibliothek\projects\Moo_Camp_Pallet_Packing\gurobi_coordinate_solver.py"", line 892, in solve_instance     solution = exact.solve()   File ""C:\Users\pherrman\Seafile\Meine Bibliothek\projects\Moo_Camp_Pallet_Packing\gurobi_coordinate_solver.py"", line 662, in solve     raise RuntimeError(f""no feasible solution found; Gurobi status={status} ({self.model.Status})"") RuntimeError: no feasible solution found; Gurobi status=TIME_LIMIT (9) "
pl008_n012_H1200_B1_LB2UB2,12,50,grid_based,completed,0,2,,0.0,6.996288000023924,7.841,C:\Users\pherrman\Seafile\Meine Bibliothek\projects\Moo_Camp_Pallet_Packing\output\solver_comparison_pallet_count_only_2026-08-18\results\grid_based\pl008_n012_H1200_B1_LB2UB2,
pl008_n012_H1200_B1_LB2UB2,12,50,coordinate_based,completed,0,2,2.0,0.0,15.668758100015111,16.625,C:\Users\pherrman\Seafile\Meine Bibliothek\projects\Moo_Camp_Pallet_Packing\output\solver_comparison_pallet_count_only_2026-08-18\results\coordinate_based\pl008_n012_H1200_B1_LB2UB2,
pl009_n014_H1200_B2_LB2UB2,14,50,grid_based,completed,0,3,,0.0,16.09878680005204,67.477,C:\Users\pherrman\Seafile\Meine Bibliothek\projects\Moo_Camp_Pallet_Packing\output\solver_comparison_pallet_count_only_2026-08-18\results\grid_based\pl009_n014_H1200_B2_LB2UB2,
pl009_n014_H1200_B2_LB2UB2,14,50,coordinate_based,failed,1,,,,,30.924,C:\Users\pherrman\Seafile\Meine Bibliothek\projects\Moo_Camp_Pallet_Packing\output\solver_comparison_pallet_count_only_2026-08-18\results\coordinate_based\pl009_n014_H1200_B2_LB2UB2," ""C:\Users\pherrman\Seafile\Meine Bibliothek\projects\Moo_Camp_Pallet_Packing\gurobi_coordinate_solver.py"", line 1059, in <module>     raise SystemExit(main())                      ~~~~^^   File ""C:\Users\pherrman\Seafile\Meine Bibliothek\projects\Moo_Camp_Pallet_Packing\gurobi_coordinate_solver.py"", line 1043, in main     solution, _, _, _ = solve_instance(                         ~~~~~~~~~~~~~~^         input_path,         ^^^^^^^^^^^     ...<3 lines>...         args.print_model,         ^^^^^^^^^^^^^^^^^     )     ^   File ""C:\Users\pherrman\Seafile\Meine Bibliothek\projects\Moo_Camp_Pallet_Packing\gurobi_coordinate_solver.py"", line 892, in solve_instance     solution = exact.solve()   File ""C:\Users\pherrman\Seafile\Meine Bibliothek\projects\Moo_Camp_Pallet_Packing\gurobi_coordinate_solver.py"", line 662, in solve     raise RuntimeError(f""no feasible solution found; Gurobi status={status} ({self.model.Status})"") RuntimeError: no feasible solution found; Gurobi status=TIME_LIMIT (9) "
pl010_n014_H1200_2_LB2UB3,14,50,grid_based,completed,0,2,,0.0,17.742332799942233,18.434,C:\Users\pherrman\Seafile\Meine Bibliothek\projects\Moo_Camp_Pallet_Packing\output\solver_comparison_pallet_count_only_2026-08-18\results\grid_based\pl010_n014_H1200_2_LB2UB3,
pl010_n014_H1200_2_LB2UB3,14,50,coordinate_based,failed,1,,,,,31.387,C:\Users\pherrman\Seafile\Meine Bibliothek\projects\Moo_Camp_Pallet_Packing\output\solver_comparison_pallet_count_only_2026-08-18\results\coordinate_based\pl010_n014_H1200_2_LB2UB3," ""C:\Users\pherrman\Seafile\Meine Bibliothek\projects\Moo_Camp_Pallet_Packing\gurobi_coordinate_solver.py"", line 1059, in <module>     raise SystemExit(main())                      ~~~~^^   File ""C:\Users\pherrman\Seafile\Meine Bibliothek\projects\Moo_Camp_Pallet_Packing\gurobi_coordinate_solver.py"", line 1043, in main     solution, _, _, _ = solve_instance(                         ~~~~~~~~~~~~~~^         input_path,         ^^^^^^^^^^^     ...<3 lines>...         args.print_model,         ^^^^^^^^^^^^^^^^^     )     ^   File ""C:\Users\pherrman\Seafile\Meine Bibliothek\projects\Moo_Camp_Pallet_Packing\gurobi_coordinate_solver.py"", line 892, in solve_instance     solution = exact.solve()   File ""C:\Users\pherrman\Seafile\Meine Bibliothek\projects\Moo_Camp_Pallet_Packing\gurobi_coordinate_solver.py"", line 662, in solve     raise RuntimeError(f""no feasible solution found; Gurobi status={status} ({self.model.Status})"") RuntimeError: no feasible solution found; Gurobi status=TIME_LIMIT (9) "
pl011_n014_H750_B3_LB3UB3,14,50,grid_based,completed,0,3,,0.0,15.872387000010349,25.159,C:\Users\pherrman\Seafile\Meine Bibliothek\projects\Moo_Camp_Pallet_Packing\output\solver_comparison_pallet_count_only_2026-08-18\results\grid_based\pl011_n014_H750_B3_LB3UB3,
pl011_n014_H750_B3_LB3UB3,14,50,coordinate_based,failed,1,,,,,31.103,C:\Users\pherrman\Seafile\Meine Bibliothek\projects\Moo_Camp_Pallet_Packing\output\solver_comparison_pallet_count_only_2026-08-18\results\coordinate_based\pl011_n014_H750_B3_LB3UB3," ""C:\Users\pherrman\Seafile\Meine Bibliothek\projects\Moo_Camp_Pallet_Packing\gurobi_coordinate_solver.py"", line 1059, in <module>     raise SystemExit(main())                      ~~~~^^   File ""C:\Users\pherrman\Seafile\Meine Bibliothek\projects\Moo_Camp_Pallet_Packing\gurobi_coordinate_solver.py"", line 1043, in main     solution, _, _, _ = solve_instance(                         ~~~~~~~~~~~~~~^         input_path,         ^^^^^^^^^^^     ...<3 lines>...         args.print_model,         ^^^^^^^^^^^^^^^^^     )     ^   File ""C:\Users\pherrman\Seafile\Meine Bibliothek\projects\Moo_Camp_Pallet_Packing\gurobi_coordinate_solver.py"", line 892, in solve_instance     solution = exact.solve()   File ""C:\Users\pherrman\Seafile\Meine Bibliothek\projects\Moo_Camp_Pallet_Packing\gurobi_coordinate_solver.py"", line 662, in solve     raise RuntimeError(f""no feasible solution found; Gurobi status={status} ({self.model.Status})"") RuntimeError: no feasible solution found; Gurobi status=TIME_LIMIT (9) "
pl012_n014_H1200_B1_LB2UB3,14,50,grid_based,completed,0,2,,0.0,18.137264400022104,18.886,C:\Users\pherrman\Seafile\Meine Bibliothek\projects\Moo_Camp_Pallet_Packing\output\solver_comparison_pallet_count_only_2026-08-18\results\grid_based\pl012_n014_H1200_B1_LB2UB3,
pl012_n014_H1200_B1_LB2UB3,14,50,coordinate_based,failed,1,,,,,30.939,C:\Users\pherrman\Seafile\Meine Bibliothek\projects\Moo_Camp_Pallet_Packing\output\solver_comparison_pallet_count_only_2026-08-18\results\coordinate_based\pl012_n014_H1200_B1_LB2UB3," ""C:\Users\pherrman\Seafile\Meine Bibliothek\projects\Moo_Camp_Pallet_Packing\gurobi_coordinate_solver.py"", line 1059, in <module>     raise SystemExit(main())                      ~~~~^^   File ""C:\Users\pherrman\Seafile\Meine Bibliothek\projects\Moo_Camp_Pallet_Packing\gurobi_coordinate_solver.py"", line 1043, in main     solution, _, _, _ = solve_instance(                         ~~~~~~~~~~~~~~^         input_path,         ^^^^^^^^^^^     ...<3 lines>...         args.print_model,         ^^^^^^^^^^^^^^^^^     )     ^   File ""C:\Users\pherrman\Seafile\Meine Bibliothek\projects\Moo_Camp_Pallet_Packing\gurobi_coordinate_solver.py"", line 892, in solve_instance     solution = exact.solve()   File ""C:\Users\pherrman\Seafile\Meine Bibliothek\projects\Moo_Camp_Pallet_Packing\gurobi_coordinate_solver.py"", line 662, in solve     raise RuntimeError(f""no feasible solution found; Gurobi status={status} ({self.model.Status})"") RuntimeError: no feasible solution found; Gurobi status=TIME_LIMIT (9) "
pl013_n016_H1500_B3_LB2UB2,16,50,grid_based,completed,0,,,,,104.698,C:\Users\pherrman\Seafile\Meine Bibliothek\projects\Moo_Camp_Pallet_Packing\output\solver_comparison_pallet_count_only_2026-08-18\results\grid_based\pl013_n016_H1500_B3_LB2UB2,
pl013_n016_H1500_B3_LB2UB2,16,50,coordinate_based,failed,1,,,,,31.009,C:\Users\pherrman\Seafile\Meine Bibliothek\projects\Moo_Camp_Pallet_Packing\output\solver_comparison_pallet_count_only_2026-08-18\results\coordinate_based\pl013_n016_H1500_B3_LB2UB2," ""C:\Users\pherrman\Seafile\Meine Bibliothek\projects\Moo_Camp_Pallet_Packing\gurobi_coordinate_solver.py"", line 1059, in <module>     raise SystemExit(main())                      ~~~~^^   File ""C:\Users\pherrman\Seafile\Meine Bibliothek\projects\Moo_Camp_Pallet_Packing\gurobi_coordinate_solver.py"", line 1043, in main     solution, _, _, _ = solve_instance(                         ~~~~~~~~~~~~~~^         input_path,         ^^^^^^^^^^^     ...<3 lines>...         args.print_model,         ^^^^^^^^^^^^^^^^^     )     ^   File ""C:\Users\pherrman\Seafile\Meine Bibliothek\projects\Moo_Camp_Pallet_Packing\gurobi_coordinate_solver.py"", line 892, in solve_instance     solution = exact.solve()   File ""C:\Users\pherrman\Seafile\Meine Bibliothek\projects\Moo_Camp_Pallet_Packing\gurobi_coordinate_solver.py"", line 662, in solve     raise RuntimeError(f""no feasible solution found; Gurobi status={status} ({self.model.Status})"") RuntimeError: no feasible solution found; Gurobi status=TIME_LIMIT (9) "
pl014_n016_H1500_2_LB2UB3,16,50,grid_based,timed_out,,,,,,120.034,C:\Users\pherrman\Seafile\Meine Bibliothek\projects\Moo_Camp_Pallet_Packing\output\solver_comparison_pallet_count_only_2026-08-18\results\grid_based\pl014_n016_H1500_2_LB2UB3,external timeout after 120s
pl014_n016_H1500_2_LB2UB3,16,50,coordinate_based,failed,1,,,,,30.992,C:\Users\pherrman\Seafile\Meine Bibliothek\projects\Moo_Camp_Pallet_Packing\output\solver_comparison_pallet_count_only_2026-08-18\results\coordinate_based\pl014_n016_H1500_2_LB2UB3," ""C:\Users\pherrman\Seafile\Meine Bibliothek\projects\Moo_Camp_Pallet_Packing\gurobi_coordinate_solver.py"", line 1059, in <module>     raise SystemExit(main())                      ~~~~^^   File ""C:\Users\pherrman\Seafile\Meine Bibliothek\projects\Moo_Camp_Pallet_Packing\gurobi_coordinate_solver.py"", line 1043, in main     solution, _, _, _ = solve_instance(                         ~~~~~~~~~~~~~~^         input_path,         ^^^^^^^^^^^     ...<3 lines>...         args.print_model,         ^^^^^^^^^^^^^^^^^     )     ^   File ""C:\Users\pherrman\Seafile\Meine Bibliothek\projects\Moo_Camp_Pallet_Packing\gurobi_coordinate_solver.py"", line 892, in solve_instance     solution = exact.solve()   File ""C:\Users\pherrman\Seafile\Meine Bibliothek\projects\Moo_Camp_Pallet_Packing\gurobi_coordinate_solver.py"", line 662, in solve     raise RuntimeError(f""no feasible solution found; Gurobi status={status} ({self.model.Status})"") RuntimeError: no feasible solution found; Gurobi status=TIME_LIMIT (9) "
pl015_n016_H750_M1_LB3UB3,16,50,grid_based,completed,0,3,,0.0,5.0697073000483215,16.673,C:\Users\pherrman\Seafile\Meine Bibliothek\projects\Moo_Camp_Pallet_Packing\output\solver_comparison_pallet_count_only_2026-08-18\results\grid_based\pl015_n016_H750_M1_LB3UB3,
pl015_n016_H750_M1_LB3UB3,16,50,coordinate_based,failed,1,,,,,31.033,C:\Users\pherrman\Seafile\Meine Bibliothek\projects\Moo_Camp_Pallet_Packing\output\solver_comparison_pallet_count_only_2026-08-18\results\coordinate_based\pl015_n016_H750_M1_LB3UB3," ""C:\Users\pherrman\Seafile\Meine Bibliothek\projects\Moo_Camp_Pallet_Packing\gurobi_coordinate_solver.py"", line 1059, in <module>     raise SystemExit(main())                      ~~~~^^   File ""C:\Users\pherrman\Seafile\Meine Bibliothek\projects\Moo_Camp_Pallet_Packing\gurobi_coordinate_solver.py"", line 1043, in main     solution, _, _, _ = solve_instance(                         ~~~~~~~~~~~~~~^         input_path,         ^^^^^^^^^^^     ...<3 lines>...         args.print_model,         ^^^^^^^^^^^^^^^^^     )     ^   File ""C:\Users\pherrman\Seafile\Meine Bibliothek\projects\Moo_Camp_Pallet_Packing\gurobi_coordinate_solver.py"", line 892, in solve_instance     solution = exact.solve()   File ""C:\Users\pherrman\Seafile\Meine Bibliothek\projects\Moo_Camp_Pallet_Packing\gurobi_coordinate_solver.py"", line 662, in solve     raise RuntimeError(f""no feasible solution found; Gurobi status={status} ({self.model.Status})"") RuntimeError: no feasible solution found; Gurobi status=TIME_LIMIT (9) "
pl016_n016_H1500_B1_LB2UB3,16,50,grid_based,completed,0,3,,0.0,42.1774142999202,107.104,C:\Users\pherrman\Seafile\Meine Bibliothek\projects\Moo_Camp_Pallet_Packing\output\solver_comparison_pallet_count_only_2026-08-18\results\grid_based\pl016_n016_H1500_B1_LB2UB3,
pl016_n016_H1500_B1_LB2UB3,16,50,coordinate_based,failed,1,,,,,31.056,C:\Users\pherrman\Seafile\Meine Bibliothek\projects\Moo_Camp_Pallet_Packing\output\solver_comparison_pallet_count_only_2026-08-18\results\coordinate_based\pl016_n016_H1500_B1_LB2UB3," ""C:\Users\pherrman\Seafile\Meine Bibliothek\projects\Moo_Camp_Pallet_Packing\gurobi_coordinate_solver.py"", line 1059, in <module>     raise SystemExit(main())                      ~~~~^^   File ""C:\Users\pherrman\Seafile\Meine Bibliothek\projects\Moo_Camp_Pallet_Packing\gurobi_coordinate_solver.py"", line 1043, in main     solution, _, _, _ = solve_instance(                         ~~~~~~~~~~~~~~^         input_path,         ^^^^^^^^^^^     ...<3 lines>...         args.print_model,         ^^^^^^^^^^^^^^^^^     )     ^   File ""C:\Users\pherrman\Seafile\Meine Bibliothek\projects\Moo_Camp_Pallet_Packing\gurobi_coordinate_solver.py"", line 892, in solve_instance     solution = exact.solve()   File ""C:\Users\pherrman\Seafile\Meine Bibliothek\projects\Moo_Camp_Pallet_Packing\gurobi_coordinate_solver.py"", line 662, in solve     raise RuntimeError(f""no feasible solution found; Gurobi status={status} ({self.model.Status})"") RuntimeError: no feasible solution found; Gurobi status=TIME_LIMIT (9) "
pl017_n018_H1800_B3_LB2UB2,18,50,grid_based,timed_out,,,,,,120.034,C:\Users\pherrman\Seafile\Meine Bibliothek\projects\Moo_Camp_Pallet_Packing\output\solver_comparison_pallet_count_only_2026-08-18\results\grid_based\pl017_n018_H1800_B3_LB2UB2,external timeout after 120s
pl017_n018_H1800_B3_LB2UB2,18,50,coordinate_based,failed,1,,,,,31.44,C:\Users\pherrman\Seafile\Meine Bibliothek\projects\Moo_Camp_Pallet_Packing\output\solver_comparison_pallet_count_only_2026-08-18\results\coordinate_based\pl017_n018_H1800_B3_LB2UB2," ""C:\Users\pherrman\Seafile\Meine Bibliothek\projects\Moo_Camp_Pallet_Packing\gurobi_coordinate_solver.py"", line 1059, in <module>     raise SystemExit(main())                      ~~~~^^   File ""C:\Users\pherrman\Seafile\Meine Bibliothek\projects\Moo_Camp_Pallet_Packing\gurobi_coordinate_solver.py"", line 1043, in main     solution, _, _, _ = solve_instance(                         ~~~~~~~~~~~~~~^         input_path,         ^^^^^^^^^^^     ...<3 lines>...         args.print_model,         ^^^^^^^^^^^^^^^^^     )     ^   File ""C:\Users\pherrman\Seafile\Meine Bibliothek\projects\Moo_Camp_Pallet_Packing\gurobi_coordinate_solver.py"", line 892, in solve_instance     solution = exact.solve()   File ""C:\Users\pherrman\Seafile\Meine Bibliothek\projects\Moo_Camp_Pallet_Packing\gurobi_coordinate_solver.py"", line 662, in solve     raise RuntimeError(f""no feasible solution found; Gurobi status={status} ({self.model.Status})"") RuntimeError: no feasible solution found; Gurobi status=TIME_LIMIT (9) "
pl018_n018_H1500_2_LB2UB3,18,50,grid_based,timed_out,,,,,,120.021,C:\Users\pherrman\Seafile\Meine Bibliothek\projects\Moo_Camp_Pallet_Packing\output\solver_comparison_pallet_count_only_2026-08-18\results\grid_based\pl018_n018_H1500_2_LB2UB3,external timeout after 120s
pl018_n018_H1500_2_LB2UB3,18,50,coordinate_based,failed,1,,,,,31.073,C:\Users\pherrman\Seafile\Meine Bibliothek\projects\Moo_Camp_Pallet_Packing\output\solver_comparison_pallet_count_only_2026-08-18\results\coordinate_based\pl018_n018_H1500_2_LB2UB3," ""C:\Users\pherrman\Seafile\Meine Bibliothek\projects\Moo_Camp_Pallet_Packing\gurobi_coordinate_solver.py"", line 1059, in <module>     raise SystemExit(main())                      ~~~~^^   File ""C:\Users\pherrman\Seafile\Meine Bibliothek\projects\Moo_Camp_Pallet_Packing\gurobi_coordinate_solver.py"", line 1043, in main     solution, _, _, _ = solve_instance(                         ~~~~~~~~~~~~~~^         input_path,         ^^^^^^^^^^^     ...<3 lines>...         args.print_model,         ^^^^^^^^^^^^^^^^^     )     ^   File ""C:\Users\pherrman\Seafile\Meine Bibliothek\projects\Moo_Camp_Pallet_Packing\gurobi_coordinate_solver.py"", line 892, in solve_instance     solution = exact.solve()   File ""C:\Users\pherrman\Seafile\Meine Bibliothek\projects\Moo_Camp_Pallet_Packing\gurobi_coordinate_solver.py"", line 662, in solve     raise RuntimeError(f""no feasible solution found; Gurobi status={status} ({self.model.Status})"") RuntimeError: no feasible solution found; Gurobi status=TIME_LIMIT (9) "
pl019_n018_H750_M1_LB3UB3,18,50,grid_based,completed,0,3,,0.0,17.895835100091062,60.738,C:\Users\pherrman\Seafile\Meine Bibliothek\projects\Moo_Camp_Pallet_Packing\output\solver_comparison_pallet_count_only_2026-08-18\results\grid_based\pl019_n018_H750_M1_LB3UB3,
pl019_n018_H750_M1_LB3UB3,18,50,coordinate_based,failed,1,,,,,31.119,C:\Users\pherrman\Seafile\Meine Bibliothek\projects\Moo_Camp_Pallet_Packing\output\solver_comparison_pallet_count_only_2026-08-18\results\coordinate_based\pl019_n018_H750_M1_LB3UB3," ""C:\Users\pherrman\Seafile\Meine Bibliothek\projects\Moo_Camp_Pallet_Packing\gurobi_coordinate_solver.py"", line 1059, in <module>     raise SystemExit(main())                      ~~~~^^   File ""C:\Users\pherrman\Seafile\Meine Bibliothek\projects\Moo_Camp_Pallet_Packing\gurobi_coordinate_solver.py"", line 1043, in main     solution, _, _, _ = solve_instance(                         ~~~~~~~~~~~~~~^         input_path,         ^^^^^^^^^^^     ...<3 lines>...         args.print_model,         ^^^^^^^^^^^^^^^^^     )     ^   File ""C:\Users\pherrman\Seafile\Meine Bibliothek\projects\Moo_Camp_Pallet_Packing\gurobi_coordinate_solver.py"", line 892, in solve_instance     solution = exact.solve()   File ""C:\Users\pherrman\Seafile\Meine Bibliothek\projects\Moo_Camp_Pallet_Packing\gurobi_coordinate_solver.py"", line 662, in solve     raise RuntimeError(f""no feasible solution found; Gurobi status={status} ({self.model.Status})"") RuntimeError: no feasible solution found; Gurobi status=TIME_LIMIT (9) "
pl020_n018_H1500_B1_LB2UB3,18,50,grid_based,timed_out,,,,,,120.025,C:\Users\pherrman\Seafile\Meine Bibliothek\projects\Moo_Camp_Pallet_Packing\output\solver_comparison_pallet_count_only_2026-08-18\results\grid_based\pl020_n018_H1500_B1_LB2UB3,external timeout after 120s
pl020_n018_H1500_B1_LB2UB3,18,50,coordinate_based,failed,1,,,,,31.154,C:\Users\pherrman\Seafile\Meine Bibliothek\projects\Moo_Camp_Pallet_Packing\output\solver_comparison_pallet_count_only_2026-08-18\results\coordinate_based\pl020_n018_H1500_B1_LB2UB3," ""C:\Users\pherrman\Seafile\Meine Bibliothek\projects\Moo_Camp_Pallet_Packing\gurobi_coordinate_solver.py"", line 1059, in <module>     raise SystemExit(main())                      ~~~~^^   File ""C:\Users\pherrman\Seafile\Meine Bibliothek\projects\Moo_Camp_Pallet_Packing\gurobi_coordinate_solver.py"", line 1043, in main     solution, _, _, _ = solve_instance(                         ~~~~~~~~~~~~~~^         input_path,         ^^^^^^^^^^^     ...<3 lines>...         args.print_model,         ^^^^^^^^^^^^^^^^^     )     ^   File ""C:\Users\pherrman\Seafile\Meine Bibliothek\projects\Moo_Camp_Pallet_Packing\gurobi_coordinate_solver.py"", line 892, in solve_instance     solution = exact.solve()   File ""C:\Users\pherrman\Seafile\Meine Bibliothek\projects\Moo_Camp_Pallet_Packing\gurobi_coordinate_solver.py"", line 662, in solve     raise RuntimeError(f""no feasible solution found; Gurobi status={status} ({self.model.Status})"") RuntimeError: no feasible solution found; Gurobi status=TIME_LIMIT (9) "
pl021_n020_H1800_B2_LB2UB2,20,50,grid_based,timed_out,,,,,,120.026,C:\Users\pherrman\Seafile\Meine Bibliothek\projects\Moo_Camp_Pallet_Packing\output\solver_comparison_pallet_count_only_2026-08-18\results\grid_based\pl021_n020_H1800_B2_LB2UB2,external timeout after 120s
pl021_n020_H1800_B2_LB2UB2,20,50,coordinate_based,failed,1,,,,,31.15,C:\Users\pherrman\Seafile\Meine Bibliothek\projects\Moo_Camp_Pallet_Packing\output\solver_comparison_pallet_count_only_2026-08-18\results\coordinate_based\pl021_n020_H1800_B2_LB2UB2," ""C:\Users\pherrman\Seafile\Meine Bibliothek\projects\Moo_Camp_Pallet_Packing\gurobi_coordinate_solver.py"", line 1059, in <module>     raise SystemExit(main())                      ~~~~^^   File ""C:\Users\pherrman\Seafile\Meine Bibliothek\projects\Moo_Camp_Pallet_Packing\gurobi_coordinate_solver.py"", line 1043, in main     solution, _, _, _ = solve_instance(                         ~~~~~~~~~~~~~~^         input_path,         ^^^^^^^^^^^     ...<3 lines>...         args.print_model,         ^^^^^^^^^^^^^^^^^     )     ^   File ""C:\Users\pherrman\Seafile\Meine Bibliothek\projects\Moo_Camp_Pallet_Packing\gurobi_coordinate_solver.py"", line 892, in solve_instance     solution = exact.solve()   File ""C:\Users\pherrman\Seafile\Meine Bibliothek\projects\Moo_Camp_Pallet_Packing\gurobi_coordinate_solver.py"", line 662, in solve     raise RuntimeError(f""no feasible solution found; Gurobi status={status} ({self.model.Status})"") RuntimeError: no feasible solution found; Gurobi status=TIME_LIMIT (9) "
pl022_n020_H1800_B3_LB2UB3,20,50,grid_based,timed_out,,,,,,120.029,C:\Users\pherrman\Seafile\Meine Bibliothek\projects\Moo_Camp_Pallet_Packing\output\solver_comparison_pallet_count_only_2026-08-18\results\grid_based\pl022_n020_H1800_B3_LB2UB3,external timeout after 120s
pl022_n020_H1800_B3_LB2UB3,20,50,coordinate_based,failed,1,,,,,31.189,C:\Users\pherrman\Seafile\Meine Bibliothek\projects\Moo_Camp_Pallet_Packing\output\solver_comparison_pallet_count_only_2026-08-18\results\coordinate_based\pl022_n020_H1800_B3_LB2UB3," ""C:\Users\pherrman\Seafile\Meine Bibliothek\projects\Moo_Camp_Pallet_Packing\gurobi_coordinate_solver.py"", line 1059, in <module>     raise SystemExit(main())                      ~~~~^^   File ""C:\Users\pherrman\Seafile\Meine Bibliothek\projects\Moo_Camp_Pallet_Packing\gurobi_coordinate_solver.py"", line 1043, in main     solution, _, _, _ = solve_instance(                         ~~~~~~~~~~~~~~^         input_path,         ^^^^^^^^^^^     ...<3 lines>...         args.print_model,         ^^^^^^^^^^^^^^^^^     )     ^   File ""C:\Users\pherrman\Seafile\Meine Bibliothek\projects\Moo_Camp_Pallet_Packing\gurobi_coordinate_solver.py"", line 892, in solve_instance     solution = exact.solve()   File ""C:\Users\pherrman\Seafile\Meine Bibliothek\projects\Moo_Camp_Pallet_Packing\gurobi_coordinate_solver.py"", line 662, in solve     raise RuntimeError(f""no feasible solution found; Gurobi status={status} ({self.model.Status})"") RuntimeError: no feasible solution found; Gurobi status=TIME_LIMIT (9) "
pl023_n020_H750_M1_LB3UB3,20,50,grid_based,completed,0,3,,0.0,28.991845699958503,81.698,C:\Users\pherrman\Seafile\Meine Bibliothek\projects\Moo_Camp_Pallet_Packing\output\solver_comparison_pallet_count_only_2026-08-18\results\grid_based\pl023_n020_H750_M1_LB3UB3,
pl023_n020_H750_M1_LB3UB3,20,50,coordinate_based,failed,1,,,,,31.179,C:\Users\pherrman\Seafile\Meine Bibliothek\projects\Moo_Camp_Pallet_Packing\output\solver_comparison_pallet_count_only_2026-08-18\results\coordinate_based\pl023_n020_H750_M1_LB3UB3," ""C:\Users\pherrman\Seafile\Meine Bibliothek\projects\Moo_Camp_Pallet_Packing\gurobi_coordinate_solver.py"", line 1059, in <module>     raise SystemExit(main())                      ~~~~^^   File ""C:\Users\pherrman\Seafile\Meine Bibliothek\projects\Moo_Camp_Pallet_Packing\gurobi_coordinate_solver.py"", line 1043, in main     solution, _, _, _ = solve_instance(                         ~~~~~~~~~~~~~~^         input_path,         ^^^^^^^^^^^     ...<3 lines>...         args.print_model,         ^^^^^^^^^^^^^^^^^     )     ^   File ""C:\Users\pherrman\Seafile\Meine Bibliothek\projects\Moo_Camp_Pallet_Packing\gurobi_coordinate_solver.py"", line 892, in solve_instance     solution = exact.solve()   File ""C:\Users\pherrman\Seafile\Meine Bibliothek\projects\Moo_Camp_Pallet_Packing\gurobi_coordinate_solver.py"", line 662, in solve     raise RuntimeError(f""no feasible solution found; Gurobi status={status} ({self.model.Status})"") RuntimeError: no feasible solution found; Gurobi status=TIME_LIMIT (9) "
pl024_n020_H1500_2_LB2UB3,20,50,grid_based,timed_out,,,,,,120.036,C:\Users\pherrman\Seafile\Meine Bibliothek\projects\Moo_Camp_Pallet_Packing\output\solver_comparison_pallet_count_only_2026-08-18\results\grid_based\pl024_n020_H1500_2_LB2UB3,external timeout after 120s
pl024_n020_H1500_2_LB2UB3,20,50,coordinate_based,failed,1,,,,,31.266,C:\Users\pherrman\Seafile\Meine Bibliothek\projects\Moo_Camp_Pallet_Packing\output\solver_comparison_pallet_count_only_2026-08-18\results\coordinate_based\pl024_n020_H1500_2_LB2UB3," ""C:\Users\pherrman\Seafile\Meine Bibliothek\projects\Moo_Camp_Pallet_Packing\gurobi_coordinate_solver.py"", line 1059, in <module>     raise SystemExit(main())                      ~~~~^^   File ""C:\Users\pherrman\Seafile\Meine Bibliothek\projects\Moo_Camp_Pallet_Packing\gurobi_coordinate_solver.py"", line 1043, in main     solution, _, _, _ = solve_instance(                         ~~~~~~~~~~~~~~^         input_path,         ^^^^^^^^^^^     ...<3 lines>...         args.print_model,         ^^^^^^^^^^^^^^^^^     )     ^   File ""C:\Users\pherrman\Seafile\Meine Bibliothek\projects\Moo_Camp_Pallet_Packing\gurobi_coordinate_solver.py"", line 892, in solve_instance     solution = exact.solve()   File ""C:\Users\pherrman\Seafile\Meine Bibliothek\projects\Moo_Camp_Pallet_Packing\gurobi_coordinate_solver.py"", line 662, in solve     raise RuntimeError(f""no feasible solution found; Gurobi status={status} ({self.model.Status})"") RuntimeError: no feasible solution found; Gurobi status=TIME_LIMIT (9) "
pl025_n022_H1800_B2_LB2UB2,22,50,grid_based,timed_out,,,,,,120.037,C:\Users\pherrman\Seafile\Meine Bibliothek\projects\Moo_Camp_Pallet_Packing\output\solver_comparison_pallet_count_only_2026-08-18\results\grid_based\pl025_n022_H1800_B2_LB2UB2,external timeout after 120s
pl025_n022_H1800_B2_LB2UB2,22,50,coordinate_based,failed,1,,,,,31.417,C:\Users\pherrman\Seafile\Meine Bibliothek\projects\Moo_Camp_Pallet_Packing\output\solver_comparison_pallet_count_only_2026-08-18\results\coordinate_based\pl025_n022_H1800_B2_LB2UB2," ""C:\Users\pherrman\Seafile\Meine Bibliothek\projects\Moo_Camp_Pallet_Packing\gurobi_coordinate_solver.py"", line 1059, in <module>     raise SystemExit(main())                      ~~~~^^   File ""C:\Users\pherrman\Seafile\Meine Bibliothek\projects\Moo_Camp_Pallet_Packing\gurobi_coordinate_solver.py"", line 1043, in main     solution, _, _, _ = solve_instance(                         ~~~~~~~~~~~~~~^         input_path,         ^^^^^^^^^^^     ...<3 lines>...         args.print_model,         ^^^^^^^^^^^^^^^^^     )     ^   File ""C:\Users\pherrman\Seafile\Meine Bibliothek\projects\Moo_Camp_Pallet_Packing\gurobi_coordinate_solver.py"", line 892, in solve_instance     solution = exact.solve()   File ""C:\Users\pherrman\Seafile\Meine Bibliothek\projects\Moo_Camp_Pallet_Packing\gurobi_coordinate_solver.py"", line 662, in solve     raise RuntimeError(f""no feasible solution found; Gurobi status={status} ({self.model.Status})"") RuntimeError: no feasible solution found; Gurobi status=TIME_LIMIT (9) "
pl026_n022_H1800_B1_LB2UB3,22,50,grid_based,timed_out,,,,,,120.011,C:\Users\pherrman\Seafile\Meine Bibliothek\projects\Moo_Camp_Pallet_Packing\output\solver_comparison_pallet_count_only_2026-08-18\results\grid_based\pl026_n022_H1800_B1_LB2UB3,external timeout after 120s
pl026_n022_H1800_B1_LB2UB3,22,50,coordinate_based,failed,1,,,,,31.363,C:\Users\pherrman\Seafile\Meine Bibliothek\projects\Moo_Camp_Pallet_Packing\output\solver_comparison_pallet_count_only_2026-08-18\results\coordinate_based\pl026_n022_H1800_B1_LB2UB3," ""C:\Users\pherrman\Seafile\Meine Bibliothek\projects\Moo_Camp_Pallet_Packing\gurobi_coordinate_solver.py"", line 1059, in <module>     raise SystemExit(main())                      ~~~~^^   File ""C:\Users\pherrman\Seafile\Meine Bibliothek\projects\Moo_Camp_Pallet_Packing\gurobi_coordinate_solver.py"", line 1043, in main     solution, _, _, _ = solve_instance(                         ~~~~~~~~~~~~~~^         input_path,         ^^^^^^^^^^^     ...<3 lines>...         args.print_model,         ^^^^^^^^^^^^^^^^^     )     ^   File ""C:\Users\pherrman\Seafile\Meine Bibliothek\projects\Moo_Camp_Pallet_Packing\gurobi_coordinate_solver.py"", line 892, in solve_instance     solution = exact.solve()   File ""C:\Users\pherrman\Seafile\Meine Bibliothek\projects\Moo_Camp_Pallet_Packing\gurobi_coordinate_solver.py"", line 662, in solve     raise RuntimeError(f""no feasible solution found; Gurobi status={status} ({self.model.Status})"") RuntimeError: no feasible solution found; Gurobi status=TIME_LIMIT (9) "
pl027_n022_H750_B3_LB3UB3,22,50,grid_based,completed,0,,,,,49.777,C:\Users\pherrman\Seafile\Meine Bibliothek\projects\Moo_Camp_Pallet_Packing\output\solver_comparison_pallet_count_only_2026-08-18\results\grid_based\pl027_n022_H750_B3_LB3UB3,
pl027_n022_H750_B3_LB3UB3,22,50,coordinate_based,failed,1,,,,,31.315,C:\Users\pherrman\Seafile\Meine Bibliothek\projects\Moo_Camp_Pallet_Packing\output\solver_comparison_pallet_count_only_2026-08-18\results\coordinate_based\pl027_n022_H750_B3_LB3UB3," ""C:\Users\pherrman\Seafile\Meine Bibliothek\projects\Moo_Camp_Pallet_Packing\gurobi_coordinate_solver.py"", line 1059, in <module>     raise SystemExit(main())                      ~~~~^^   File ""C:\Users\pherrman\Seafile\Meine Bibliothek\projects\Moo_Camp_Pallet_Packing\gurobi_coordinate_solver.py"", line 1043, in main     solution, _, _, _ = solve_instance(                         ~~~~~~~~~~~~~~^         input_path,         ^^^^^^^^^^^     ...<3 lines>...         args.print_model,         ^^^^^^^^^^^^^^^^^     )     ^   File ""C:\Users\pherrman\Seafile\Meine Bibliothek\projects\Moo_Camp_Pallet_Packing\gurobi_coordinate_solver.py"", line 892, in solve_instance     solution = exact.solve()   File ""C:\Users\pherrman\Seafile\Meine Bibliothek\projects\Moo_Camp_Pallet_Packing\gurobi_coordinate_solver.py"", line 662, in solve     raise RuntimeError(f""no feasible solution found; Gurobi status={status} ({self.model.Status})"") RuntimeError: no feasible solution found; Gurobi status=TIME_LIMIT (9) "
pl028_n022_H1800_B3_LB2UB3,22,50,grid_based,timed_out,,,,,,120.033,C:\Users\pherrman\Seafile\Meine Bibliothek\projects\Moo_Camp_Pallet_Packing\output\solver_comparison_pallet_count_only_2026-08-18\results\grid_based\pl028_n022_H1800_B3_LB2UB3,external timeout after 120s
pl028_n022_H1800_B3_LB2UB3,22,50,coordinate_based,failed,1,,,,,31.317,C:\Users\pherrman\Seafile\Meine Bibliothek\projects\Moo_Camp_Pallet_Packing\output\solver_comparison_pallet_count_only_2026-08-18\results\coordinate_based\pl028_n022_H1800_B3_LB2UB3," ""C:\Users\pherrman\Seafile\Meine Bibliothek\projects\Moo_Camp_Pallet_Packing\gurobi_coordinate_solver.py"", line 1059, in <module>     raise SystemExit(main())                      ~~~~^^   File ""C:\Users\pherrman\Seafile\Meine Bibliothek\projects\Moo_Camp_Pallet_Packing\gurobi_coordinate_solver.py"", line 1043, in main     solution, _, _, _ = solve_instance(                         ~~~~~~~~~~~~~~^         input_path,         ^^^^^^^^^^^     ...<3 lines>...         args.print_model,         ^^^^^^^^^^^^^^^^^     )     ^   File ""C:\Users\pherrman\Seafile\Meine Bibliothek\projects\Moo_Camp_Pallet_Packing\gurobi_coordinate_solver.py"", line 892, in solve_instance     solution = exact.solve()   File ""C:\Users\pherrman\Seafile\Meine Bibliothek\projects\Moo_Camp_Pallet_Packing\gurobi_coordinate_solver.py"", line 662, in solve     raise RuntimeError(f""no feasible solution found; Gurobi status={status} ({self.model.Status})"") RuntimeError: no feasible solution found; Gurobi status=TIME_LIMIT (9) "
pl029_n025_H1800_B1_LB2UB2,25,50,grid_based,timed_out,,,,,,120.016,C:\Users\pherrman\Seafile\Meine Bibliothek\projects\Moo_Camp_Pallet_Packing\output\solver_comparison_pallet_count_only_2026-08-18\results\grid_based\pl029_n025_H1800_B1_LB2UB2,external timeout after 120s
pl029_n025_H1800_B1_LB2UB2,25,50,coordinate_based,failed,1,,,,,31.6,C:\Users\pherrman\Seafile\Meine Bibliothek\projects\Moo_Camp_Pallet_Packing\output\solver_comparison_pallet_count_only_2026-08-18\results\coordinate_based\pl029_n025_H1800_B1_LB2UB2," ""C:\Users\pherrman\Seafile\Meine Bibliothek\projects\Moo_Camp_Pallet_Packing\gurobi_coordinate_solver.py"", line 1059, in <module>     raise SystemExit(main())                      ~~~~^^   File ""C:\Users\pherrman\Seafile\Meine Bibliothek\projects\Moo_Camp_Pallet_Packing\gurobi_coordinate_solver.py"", line 1043, in main     solution, _, _, _ = solve_instance(                         ~~~~~~~~~~~~~~^         input_path,         ^^^^^^^^^^^     ...<3 lines>...         args.print_model,         ^^^^^^^^^^^^^^^^^     )     ^   File ""C:\Users\pherrman\Seafile\Meine Bibliothek\projects\Moo_Camp_Pallet_Packing\gurobi_coordinate_solver.py"", line 892, in solve_instance     solution = exact.solve()   File ""C:\Users\pherrman\Seafile\Meine Bibliothek\projects\Moo_Camp_Pallet_Packing\gurobi_coordinate_solver.py"", line 662, in solve     raise RuntimeError(f""no feasible solution found; Gurobi status={status} ({self.model.Status})"") RuntimeError: no feasible solution found; Gurobi status=TIME_LIMIT (9) "
pl030_n025_H1800_B2_LB2UB3,25,50,grid_based,timed_out,,,,,,120.024,C:\Users\pherrman\Seafile\Meine Bibliothek\projects\Moo_Camp_Pallet_Packing\output\solver_comparison_pallet_count_only_2026-08-18\results\grid_based\pl030_n025_H1800_B2_LB2UB3,external timeout after 120s
pl030_n025_H1800_B2_LB2UB3,25,50,coordinate_based,failed,1,,,,,31.629,C:\Users\pherrman\Seafile\Meine Bibliothek\projects\Moo_Camp_Pallet_Packing\output\solver_comparison_pallet_count_only_2026-08-18\results\coordinate_based\pl030_n025_H1800_B2_LB2UB3," ""C:\Users\pherrman\Seafile\Meine Bibliothek\projects\Moo_Camp_Pallet_Packing\gurobi_coordinate_solver.py"", line 1059, in <module>     raise SystemExit(main())                      ~~~~^^   File ""C:\Users\pherrman\Seafile\Meine Bibliothek\projects\Moo_Camp_Pallet_Packing\gurobi_coordinate_solver.py"", line 1043, in main     solution, _, _, _ = solve_instance(                         ~~~~~~~~~~~~~~^         input_path,         ^^^^^^^^^^^     ...<3 lines>...         args.print_model,         ^^^^^^^^^^^^^^^^^     )     ^   File ""C:\Users\pherrman\Seafile\Meine Bibliothek\projects\Moo_Camp_Pallet_Packing\gurobi_coordinate_solver.py"", line 892, in solve_instance     solution = exact.solve()   File ""C:\Users\pherrman\Seafile\Meine Bibliothek\projects\Moo_Camp_Pallet_Packing\gurobi_coordinate_solver.py"", line 662, in solve     raise RuntimeError(f""no feasible solution found; Gurobi status={status} ({self.model.Status})"") RuntimeError: no feasible solution found; Gurobi status=TIME_LIMIT (9) "
pl031_n025_H900_B2_LB3UB3,25,50,grid_based,timed_out,,,,,,120.023,C:\Users\pherrman\Seafile\Meine Bibliothek\projects\Moo_Camp_Pallet_Packing\output\solver_comparison_pallet_count_only_2026-08-18\results\grid_based\pl031_n025_H900_B2_LB3UB3,external timeout after 120s
pl031_n025_H900_B2_LB3UB3,25,50,coordinate_based,failed,1,,,,,31.637,C:\Users\pherrman\Seafile\Meine Bibliothek\projects\Moo_Camp_Pallet_Packing\output\solver_comparison_pallet_count_only_2026-08-18\results\coordinate_based\pl031_n025_H900_B2_LB3UB3," ""C:\Users\pherrman\Seafile\Meine Bibliothek\projects\Moo_Camp_Pallet_Packing\gurobi_coordinate_solver.py"", line 1059, in <module>     raise SystemExit(main())                      ~~~~^^   File ""C:\Users\pherrman\Seafile\Meine Bibliothek\projects\Moo_Camp_Pallet_Packing\gurobi_coordinate_solver.py"", line 1043, in main     solution, _, _, _ = solve_instance(                         ~~~~~~~~~~~~~~^         input_path,         ^^^^^^^^^^^     ...<3 lines>...         args.print_model,         ^^^^^^^^^^^^^^^^^     )     ^   File ""C:\Users\pherrman\Seafile\Meine Bibliothek\projects\Moo_Camp_Pallet_Packing\gurobi_coordinate_solver.py"", line 892, in solve_instance     solution = exact.solve()   File ""C:\Users\pherrman\Seafile\Meine Bibliothek\projects\Moo_Camp_Pallet_Packing\gurobi_coordinate_solver.py"", line 662, in solve     raise RuntimeError(f""no feasible solution found; Gurobi status={status} ({self.model.Status})"") RuntimeError: no feasible solution found; Gurobi status=TIME_LIMIT (9) "
pl032_n025_H1800_B3_LB2UB2,25,50,grid_based,timed_out,,,,,,120.024,C:\Users\pherrman\Seafile\Meine Bibliothek\projects\Moo_Camp_Pallet_Packing\output\solver_comparison_pallet_count_only_2026-08-18\results\grid_based\pl032_n025_H1800_B3_LB2UB2,external timeout after 120s
pl032_n025_H1800_B3_LB2UB2,25,50,coordinate_based,failed,1,,,,,31.568,C:\Users\pherrman\Seafile\Meine Bibliothek\projects\Moo_Camp_Pallet_Packing\output\solver_comparison_pallet_count_only_2026-08-18\results\coordinate_based\pl032_n025_H1800_B3_LB2UB2," ""C:\Users\pherrman\Seafile\Meine Bibliothek\projects\Moo_Camp_Pallet_Packing\gurobi_coordinate_solver.py"", line 1059, in <module>     raise SystemExit(main())                      ~~~~^^   File ""C:\Users\pherrman\Seafile\Meine Bibliothek\projects\Moo_Camp_Pallet_Packing\gurobi_coordinate_solver.py"", line 1043, in main     solution, _, _, _ = solve_instance(                         ~~~~~~~~~~~~~~^         input_path,         ^^^^^^^^^^^     ...<3 lines>...         args.print_model,         ^^^^^^^^^^^^^^^^^     )     ^   File ""C:\Users\pherrman\Seafile\Meine Bibliothek\projects\Moo_Camp_Pallet_Packing\gurobi_coordinate_solver.py"", line 892, in solve_instance     solution = exact.solve()   File ""C:\Users\pherrman\Seafile\Meine Bibliothek\projects\Moo_Camp_Pallet_Packing\gurobi_coordinate_solver.py"", line 662, in solve     raise RuntimeError(f""no feasible solution found; Gurobi status={status} ({self.model.Status})"") RuntimeError: no feasible solution found; Gurobi status=TIME_LIMIT (9) "
pl033_n028_H1800_M1_LB2UB2,28,50,grid_based,timed_out,,,,,,120.022,C:\Users\pherrman\Seafile\Meine Bibliothek\projects\Moo_Camp_Pallet_Packing\output\solver_comparison_pallet_count_only_2026-08-18\results\grid_based\pl033_n028_H1800_M1_LB2UB2,external timeout after 120s
pl033_n028_H1800_M1_LB2UB2,28,50,coordinate_based,failed,1,,,,,31.986,C:\Users\pherrman\Seafile\Meine Bibliothek\projects\Moo_Camp_Pallet_Packing\output\solver_comparison_pallet_count_only_2026-08-18\results\coordinate_based\pl033_n028_H1800_M1_LB2UB2," ""C:\Users\pherrman\Seafile\Meine Bibliothek\projects\Moo_Camp_Pallet_Packing\gurobi_coordinate_solver.py"", line 1059, in <module>     raise SystemExit(main())                      ~~~~^^   File ""C:\Users\pherrman\Seafile\Meine Bibliothek\projects\Moo_Camp_Pallet_Packing\gurobi_coordinate_solver.py"", line 1043, in main     solution, _, _, _ = solve_instance(                         ~~~~~~~~~~~~~~^         input_path,         ^^^^^^^^^^^     ...<3 lines>...         args.print_model,         ^^^^^^^^^^^^^^^^^     )     ^   File ""C:\Users\pherrman\Seafile\Meine Bibliothek\projects\Moo_Camp_Pallet_Packing\gurobi_coordinate_solver.py"", line 892, in solve_instance     solution = exact.solve()   File ""C:\Users\pherrman\Seafile\Meine Bibliothek\projects\Moo_Camp_Pallet_Packing\gurobi_coordinate_solver.py"", line 662, in solve     raise RuntimeError(f""no feasible solution found; Gurobi status={status} ({self.model.Status})"") RuntimeError: no feasible solution found; Gurobi status=TIME_LIMIT (9) "
pl034_n028_H1800_2_LB2UB3,28,50,grid_based,timed_out,,,,,,120.033,C:\Users\pherrman\Seafile\Meine Bibliothek\projects\Moo_Camp_Pallet_Packing\output\solver_comparison_pallet_count_only_2026-08-18\results\grid_based\pl034_n028_H1800_2_LB2UB3,external timeout after 120s
pl034_n028_H1800_2_LB2UB3,28,50,coordinate_based,failed,1,,,,,31.932,C:\Users\pherrman\Seafile\Meine Bibliothek\projects\Moo_Camp_Pallet_Packing\output\solver_comparison_pallet_count_only_2026-08-18\results\coordinate_based\pl034_n028_H1800_2_LB2UB3," ""C:\Users\pherrman\Seafile\Meine Bibliothek\projects\Moo_Camp_Pallet_Packing\gurobi_coordinate_solver.py"", line 1059, in <module>     raise SystemExit(main())                      ~~~~^^   File ""C:\Users\pherrman\Seafile\Meine Bibliothek\projects\Moo_Camp_Pallet_Packing\gurobi_coordinate_solver.py"", line 1043, in main     solution, _, _, _ = solve_instance(                         ~~~~~~~~~~~~~~^         input_path,         ^^^^^^^^^^^     ...<3 lines>...         args.print_model,         ^^^^^^^^^^^^^^^^^     )     ^   File ""C:\Users\pherrman\Seafile\Meine Bibliothek\projects\Moo_Camp_Pallet_Packing\gurobi_coordinate_solver.py"", line 892, in solve_instance     solution = exact.solve()   File ""C:\Users\pherrman\Seafile\Meine Bibliothek\projects\Moo_Camp_Pallet_Packing\gurobi_coordinate_solver.py"", line 662, in solve     raise RuntimeError(f""no feasible solution found; Gurobi status={status} ({self.model.Status})"") RuntimeError: no feasible solution found; Gurobi status=TIME_LIMIT (9) "
pl035_n028_H900_B2_LB3UB3,28,50,grid_based,timed_out,,,,,,120.009,C:\Users\pherrman\Seafile\Meine Bibliothek\projects\Moo_Camp_Pallet_Packing\output\solver_comparison_pallet_count_only_2026-08-18\results\grid_based\pl035_n028_H900_B2_LB3UB3,external timeout after 120s
pl035_n028_H900_B2_LB3UB3,28,50,coordinate_based,failed,1,,,,,31.918,C:\Users\pherrman\Seafile\Meine Bibliothek\projects\Moo_Camp_Pallet_Packing\output\solver_comparison_pallet_count_only_2026-08-18\results\coordinate_based\pl035_n028_H900_B2_LB3UB3," ""C:\Users\pherrman\Seafile\Meine Bibliothek\projects\Moo_Camp_Pallet_Packing\gurobi_coordinate_solver.py"", line 1059, in <module>     raise SystemExit(main())                      ~~~~^^   File ""C:\Users\pherrman\Seafile\Meine Bibliothek\projects\Moo_Camp_Pallet_Packing\gurobi_coordinate_solver.py"", line 1043, in main     solution, _, _, _ = solve_instance(                         ~~~~~~~~~~~~~~^         input_path,         ^^^^^^^^^^^     ...<3 lines>...         args.print_model,         ^^^^^^^^^^^^^^^^^     )     ^   File ""C:\Users\pherrman\Seafile\Meine Bibliothek\projects\Moo_Camp_Pallet_Packing\gurobi_coordinate_solver.py"", line 892, in solve_instance     solution = exact.solve()   File ""C:\Users\pherrman\Seafile\Meine Bibliothek\projects\Moo_Camp_Pallet_Packing\gurobi_coordinate_solver.py"", line 662, in solve     raise RuntimeError(f""no feasible solution found; Gurobi status={status} ({self.model.Status})"") RuntimeError: no feasible solution found; Gurobi status=TIME_LIMIT (9) "
pl036_n028_H1800_B1_LB2UB3,28,50,grid_based,timed_out,,,,,,120.023,C:\Users\pherrman\Seafile\Meine Bibliothek\projects\Moo_Camp_Pallet_Packing\output\solver_comparison_pallet_count_only_2026-08-18\results\grid_based\pl036_n028_H1800_B1_LB2UB3,external timeout after 120s
pl036_n028_H1800_B1_LB2UB3,28,50,coordinate_based,failed,1,,,,,31.806,C:\Users\pherrman\Seafile\Meine Bibliothek\projects\Moo_Camp_Pallet_Packing\output\solver_comparison_pallet_count_only_2026-08-18\results\coordinate_based\pl036_n028_H1800_B1_LB2UB3," ""C:\Users\pherrman\Seafile\Meine Bibliothek\projects\Moo_Camp_Pallet_Packing\gurobi_coordinate_solver.py"", line 1059, in <module>     raise SystemExit(main())                      ~~~~^^   File ""C:\Users\pherrman\Seafile\Meine Bibliothek\projects\Moo_Camp_Pallet_Packing\gurobi_coordinate_solver.py"", line 1043, in main     solution, _, _, _ = solve_instance(                         ~~~~~~~~~~~~~~^         input_path,         ^^^^^^^^^^^     ...<3 lines>...         args.print_model,         ^^^^^^^^^^^^^^^^^     )     ^   File ""C:\Users\pherrman\Seafile\Meine Bibliothek\projects\Moo_Camp_Pallet_Packing\gurobi_coordinate_solver.py"", line 892, in solve_instance     solution = exact.solve()   File ""C:\Users\pherrman\Seafile\Meine Bibliothek\projects\Moo_Camp_Pallet_Packing\gurobi_coordinate_solver.py"", line 662, in solve     raise RuntimeError(f""no feasible solution found; Gurobi status={status} ({self.model.Status})"") RuntimeError: no feasible solution found; Gurobi status=TIME_LIMIT (9) "
pl037_n030_H1800_B2_LB2UB2,30,50,grid_based,timed_out,,,,,,120.022,C:\Users\pherrman\Seafile\Meine Bibliothek\projects\Moo_Camp_Pallet_Packing\output\solver_comparison_pallet_count_only_2026-08-18\results\grid_based\pl037_n030_H1800_B2_LB2UB2,external timeout after 120s
pl037_n030_H1800_B2_LB2UB2,30,50,coordinate_based,failed,1,,,,,32.238,C:\Users\pherrman\Seafile\Meine Bibliothek\projects\Moo_Camp_Pallet_Packing\output\solver_comparison_pallet_count_only_2026-08-18\results\coordinate_based\pl037_n030_H1800_B2_LB2UB2," ""C:\Users\pherrman\Seafile\Meine Bibliothek\projects\Moo_Camp_Pallet_Packing\gurobi_coordinate_solver.py"", line 1059, in <module>     raise SystemExit(main())                      ~~~~^^   File ""C:\Users\pherrman\Seafile\Meine Bibliothek\projects\Moo_Camp_Pallet_Packing\gurobi_coordinate_solver.py"", line 1043, in main     solution, _, _, _ = solve_instance(                         ~~~~~~~~~~~~~~^         input_path,         ^^^^^^^^^^^     ...<3 lines>...         args.print_model,         ^^^^^^^^^^^^^^^^^     )     ^   File ""C:\Users\pherrman\Seafile\Meine Bibliothek\projects\Moo_Camp_Pallet_Packing\gurobi_coordinate_solver.py"", line 892, in solve_instance     solution = exact.solve()   File ""C:\Users\pherrman\Seafile\Meine Bibliothek\projects\Moo_Camp_Pallet_Packing\gurobi_coordinate_solver.py"", line 662, in solve     raise RuntimeError(f""no feasible solution found; Gurobi status={status} ({self.model.Status})"") RuntimeError: no feasible solution found; Gurobi status=TIME_LIMIT (9) "
pl038_n030_H1800_2_LB2UB3,30,50,grid_based,timed_out,,,,,,120.037,C:\Users\pherrman\Seafile\Meine Bibliothek\projects\Moo_Camp_Pallet_Packing\output\solver_comparison_pallet_count_only_2026-08-18\results\grid_based\pl038_n030_H1800_2_LB2UB3,external timeout after 120s
pl038_n030_H1800_2_LB2UB3,30,50,coordinate_based,failed,1,,,,,32.37,C:\Users\pherrman\Seafile\Meine Bibliothek\projects\Moo_Camp_Pallet_Packing\output\solver_comparison_pallet_count_only_2026-08-18\results\coordinate_based\pl038_n030_H1800_2_LB2UB3," ""C:\Users\pherrman\Seafile\Meine Bibliothek\projects\Moo_Camp_Pallet_Packing\gurobi_coordinate_solver.py"", line 1059, in <module>     raise SystemExit(main())                      ~~~~^^   File ""C:\Users\pherrman\Seafile\Meine Bibliothek\projects\Moo_Camp_Pallet_Packing\gurobi_coordinate_solver.py"", line 1043, in main     solution, _, _, _ = solve_instance(                         ~~~~~~~~~~~~~~^         input_path,         ^^^^^^^^^^^     ...<3 lines>...         args.print_model,         ^^^^^^^^^^^^^^^^^     )     ^   File ""C:\Users\pherrman\Seafile\Meine Bibliothek\projects\Moo_Camp_Pallet_Packing\gurobi_coordinate_solver.py"", line 892, in solve_instance     solution = exact.solve()   File ""C:\Users\pherrman\Seafile\Meine Bibliothek\projects\Moo_Camp_Pallet_Packing\gurobi_coordinate_solver.py"", line 662, in solve     raise RuntimeError(f""no feasible solution found; Gurobi status={status} ({self.model.Status})"") RuntimeError: no feasible solution found; Gurobi status=TIME_LIMIT (9) "
pl039_n030_H900_B2_LB3UB3,30,50,grid_based,timed_out,,,,,,120.018,C:\Users\pherrman\Seafile\Meine Bibliothek\projects\Moo_Camp_Pallet_Packing\output\solver_comparison_pallet_count_only_2026-08-18\results\grid_based\pl039_n030_H900_B2_LB3UB3,external timeout after 120s
pl039_n030_H900_B2_LB3UB3,30,50,coordinate_based,failed,1,,,,,32.04,C:\Users\pherrman\Seafile\Meine Bibliothek\projects\Moo_Camp_Pallet_Packing\output\solver_comparison_pallet_count_only_2026-08-18\results\coordinate_based\pl039_n030_H900_B2_LB3UB3," ""C:\Users\pherrman\Seafile\Meine Bibliothek\projects\Moo_Camp_Pallet_Packing\gurobi_coordinate_solver.py"", line 1059, in <module>     raise SystemExit(main())                      ~~~~^^   File ""C:\Users\pherrman\Seafile\Meine Bibliothek\projects\Moo_Camp_Pallet_Packing\gurobi_coordinate_solver.py"", line 1043, in main     solution, _, _, _ = solve_instance(                         ~~~~~~~~~~~~~~^         input_path,         ^^^^^^^^^^^     ...<3 lines>...         args.print_model,         ^^^^^^^^^^^^^^^^^     )     ^   File ""C:\Users\pherrman\Seafile\Meine Bibliothek\projects\Moo_Camp_Pallet_Packing\gurobi_coordinate_solver.py"", line 892, in solve_instance     solution = exact.solve()   File ""C:\Users\pherrman\Seafile\Meine Bibliothek\projects\Moo_Camp_Pallet_Packing\gurobi_coordinate_solver.py"", line 662, in solve     raise RuntimeError(f""no feasible solution found; Gurobi status={status} ({self.model.Status})"") RuntimeError: no feasible solution found; Gurobi status=TIME_LIMIT (9) "
pl040_n030_H1800_M1_LB2UB3,30,50,grid_based,timed_out,,,,,,120.028,C:\Users\pherrman\Seafile\Meine Bibliothek\projects\Moo_Camp_Pallet_Packing\output\solver_comparison_pallet_count_only_2026-08-18\results\grid_based\pl040_n030_H1800_M1_LB2UB3,external timeout after 120s
pl040_n030_H1800_M1_LB2UB3,30,50,coordinate_based,failed,1,,,,,32.13,C:\Users\pherrman\Seafile\Meine Bibliothek\projects\Moo_Camp_Pallet_Packing\output\solver_comparison_pallet_count_only_2026-08-18\results\coordinate_based\pl040_n030_H1800_M1_LB2UB3," ""C:\Users\pherrman\Seafile\Meine Bibliothek\projects\Moo_Camp_Pallet_Packing\gurobi_coordinate_solver.py"", line 1059, in <module>     raise SystemExit(main())                      ~~~~^^   File ""C:\Users\pherrman\Seafile\Meine Bibliothek\projects\Moo_Camp_Pallet_Packing\gurobi_coordinate_solver.py"", line 1043, in main     solution, _, _, _ = solve_instance(                         ~~~~~~~~~~~~~~^         input_path,         ^^^^^^^^^^^     ...<3 lines>...         args.print_model,         ^^^^^^^^^^^^^^^^^     )     ^   File ""C:\Users\pherrman\Seafile\Meine Bibliothek\projects\Moo_Camp_Pallet_Packing\gurobi_coordinate_solver.py"", line 892, in solve_instance     solution = exact.solve()   File ""C:\Users\pherrman\Seafile\Meine Bibliothek\projects\Moo_Camp_Pallet_Packing\gurobi_coordinate_solver.py"", line 662, in solve     raise RuntimeError(f""no feasible solution found; Gurobi status={status} ({self.model.Status})"") RuntimeError: no feasible solution found; Gurobi status=TIME_LIMIT (9) "
pl041_n034_H1800_B2_LB2UB2,34,50,grid_based,timed_out,,,,,,120.033,C:\Users\pherrman\Seafile\Meine Bibliothek\projects\Moo_Camp_Pallet_Packing\output\solver_comparison_pallet_count_only_2026-08-18\results\grid_based\pl041_n034_H1800_B2_LB2UB2,external timeout after 120s
pl041_n034_H1800_B2_LB2UB2,34,50,coordinate_based,failed,1,,,,,32.924,C:\Users\pherrman\Seafile\Meine Bibliothek\projects\Moo_Camp_Pallet_Packing\output\solver_comparison_pallet_count_only_2026-08-18\results\coordinate_based\pl041_n034_H1800_B2_LB2UB2," ""C:\Users\pherrman\Seafile\Meine Bibliothek\projects\Moo_Camp_Pallet_Packing\gurobi_coordinate_solver.py"", line 1059, in <module>     raise SystemExit(main())                      ~~~~^^   File ""C:\Users\pherrman\Seafile\Meine Bibliothek\projects\Moo_Camp_Pallet_Packing\gurobi_coordinate_solver.py"", line 1043, in main     solution, _, _, _ = solve_instance(                         ~~~~~~~~~~~~~~^         input_path,         ^^^^^^^^^^^     ...<3 lines>...         args.print_model,         ^^^^^^^^^^^^^^^^^     )     ^   File ""C:\Users\pherrman\Seafile\Meine Bibliothek\projects\Moo_Camp_Pallet_Packing\gurobi_coordinate_solver.py"", line 892, in solve_instance     solution = exact.solve()   File ""C:\Users\pherrman\Seafile\Meine Bibliothek\projects\Moo_Camp_Pallet_Packing\gurobi_coordinate_solver.py"", line 662, in solve     raise RuntimeError(f""no feasible solution found; Gurobi status={status} ({self.model.Status})"") RuntimeError: no feasible solution found; Gurobi status=TIME_LIMIT (9) "
pl042_n034_H1800_2_LB2UB3,34,50,grid_based,timed_out,,,,,,120.031,C:\Users\pherrman\Seafile\Meine Bibliothek\projects\Moo_Camp_Pallet_Packing\output\solver_comparison_pallet_count_only_2026-08-18\results\grid_based\pl042_n034_H1800_2_LB2UB3,external timeout after 120s
pl042_n034_H1800_2_LB2UB3,34,50,coordinate_based,failed,1,,,,,32.733,C:\Users\pherrman\Seafile\Meine Bibliothek\projects\Moo_Camp_Pallet_Packing\output\solver_comparison_pallet_count_only_2026-08-18\results\coordinate_based\pl042_n034_H1800_2_LB2UB3," ""C:\Users\pherrman\Seafile\Meine Bibliothek\projects\Moo_Camp_Pallet_Packing\gurobi_coordinate_solver.py"", line 1059, in <module>     raise SystemExit(main())                      ~~~~^^   File ""C:\Users\pherrman\Seafile\Meine Bibliothek\projects\Moo_Camp_Pallet_Packing\gurobi_coordinate_solver.py"", line 1043, in main     solution, _, _, _ = solve_instance(                         ~~~~~~~~~~~~~~^         input_path,         ^^^^^^^^^^^     ...<3 lines>...         args.print_model,         ^^^^^^^^^^^^^^^^^     )     ^   File ""C:\Users\pherrman\Seafile\Meine Bibliothek\projects\Moo_Camp_Pallet_Packing\gurobi_coordinate_solver.py"", line 892, in solve_instance     solution = exact.solve()   File ""C:\Users\pherrman\Seafile\Meine Bibliothek\projects\Moo_Camp_Pallet_Packing\gurobi_coordinate_solver.py"", line 662, in solve     raise RuntimeError(f""no feasible solution found; Gurobi status={status} ({self.model.Status})"") RuntimeError: no feasible solution found; Gurobi status=TIME_LIMIT (9) "
pl043_n034_H1200_B1_LB3UB3,34,50,grid_based,timed_out,,,,,,120.02,C:\Users\pherrman\Seafile\Meine Bibliothek\projects\Moo_Camp_Pallet_Packing\output\solver_comparison_pallet_count_only_2026-08-18\results\grid_based\pl043_n034_H1200_B1_LB3UB3,external timeout after 120s
pl043_n034_H1200_B1_LB3UB3,34,50,coordinate_based,failed,1,,,,,32.431,C:\Users\pherrman\Seafile\Meine Bibliothek\projects\Moo_Camp_Pallet_Packing\output\solver_comparison_pallet_count_only_2026-08-18\results\coordinate_based\pl043_n034_H1200_B1_LB3UB3," ""C:\Users\pherrman\Seafile\Meine Bibliothek\projects\Moo_Camp_Pallet_Packing\gurobi_coordinate_solver.py"", line 1059, in <module>     raise SystemExit(main())                      ~~~~^^   File ""C:\Users\pherrman\Seafile\Meine Bibliothek\projects\Moo_Camp_Pallet_Packing\gurobi_coordinate_solver.py"", line 1043, in main     solution, _, _, _ = solve_instance(                         ~~~~~~~~~~~~~~^         input_path,         ^^^^^^^^^^^     ...<3 lines>...         args.print_model,         ^^^^^^^^^^^^^^^^^     )     ^   File ""C:\Users\pherrman\Seafile\Meine Bibliothek\projects\Moo_Camp_Pallet_Packing\gurobi_coordinate_solver.py"", line 892, in solve_instance     solution = exact.solve()   File ""C:\Users\pherrman\Seafile\Meine Bibliothek\projects\Moo_Camp_Pallet_Packing\gurobi_coordinate_solver.py"", line 662, in solve     raise RuntimeError(f""no feasible solution found; Gurobi status={status} ({self.model.Status})"") RuntimeError: no feasible solution found; Gurobi status=TIME_LIMIT (9) "
pl044_n034_H1800_M1_LB2UB3,34,50,grid_based,timed_out,,,,,,120.042,C:\Users\pherrman\Seafile\Meine Bibliothek\projects\Moo_Camp_Pallet_Packing\output\solver_comparison_pallet_count_only_2026-08-18\results\grid_based\pl044_n034_H1800_M1_LB2UB3,external timeout after 120s
pl044_n034_H1800_M1_LB2UB3,34,50,coordinate_based,failed,1,,,,,33.005,C:\Users\pherrman\Seafile\Meine Bibliothek\projects\Moo_Camp_Pallet_Packing\output\solver_comparison_pallet_count_only_2026-08-18\results\coordinate_based\pl044_n034_H1800_M1_LB2UB3," ""C:\Users\pherrman\Seafile\Meine Bibliothek\projects\Moo_Camp_Pallet_Packing\gurobi_coordinate_solver.py"", line 1059, in <module>     raise SystemExit(main())                      ~~~~^^   File ""C:\Users\pherrman\Seafile\Meine Bibliothek\projects\Moo_Camp_Pallet_Packing\gurobi_coordinate_solver.py"", line 1043, in main     solution, _, _, _ = solve_instance(                         ~~~~~~~~~~~~~~^         input_path,         ^^^^^^^^^^^     ...<3 lines>...         args.print_model,         ^^^^^^^^^^^^^^^^^     )     ^   File ""C:\Users\pherrman\Seafile\Meine Bibliothek\projects\Moo_Camp_Pallet_Packing\gurobi_coordinate_solver.py"", line 892, in solve_instance     solution = exact.solve()   File ""C:\Users\pherrman\Seafile\Meine Bibliothek\projects\Moo_Camp_Pallet_Packing\gurobi_coordinate_solver.py"", line 662, in solve     raise RuntimeError(f""no feasible solution found; Gurobi status={status} ({self.model.Status})"") RuntimeError: no feasible solution found; Gurobi status=TIME_LIMIT (9) "
pl045_n038_H1800_M1_LB2UB2,38,50,grid_based,timed_out,,,,,,120.037,C:\Users\pherrman\Seafile\Meine Bibliothek\projects\Moo_Camp_Pallet_Packing\output\solver_comparison_pallet_count_only_2026-08-18\results\grid_based\pl045_n038_H1800_M1_LB2UB2,external timeout after 120s
pl045_n038_H1800_M1_LB2UB2,38,50,coordinate_based,failed,1,,,,,36.653,C:\Users\pherrman\Seafile\Meine Bibliothek\projects\Moo_Camp_Pallet_Packing\output\solver_comparison_pallet_count_only_2026-08-18\results\coordinate_based\pl045_n038_H1800_M1_LB2UB2," ""C:\Users\pherrman\Seafile\Meine Bibliothek\projects\Moo_Camp_Pallet_Packing\gurobi_coordinate_solver.py"", line 1059, in <module>     raise SystemExit(main())                      ~~~~^^   File ""C:\Users\pherrman\Seafile\Meine Bibliothek\projects\Moo_Camp_Pallet_Packing\gurobi_coordinate_solver.py"", line 1043, in main     solution, _, _, _ = solve_instance(                         ~~~~~~~~~~~~~~^         input_path,         ^^^^^^^^^^^     ...<3 lines>...         args.print_model,         ^^^^^^^^^^^^^^^^^     )     ^   File ""C:\Users\pherrman\Seafile\Meine Bibliothek\projects\Moo_Camp_Pallet_Packing\gurobi_coordinate_solver.py"", line 892, in solve_instance     solution = exact.solve()   File ""C:\Users\pherrman\Seafile\Meine Bibliothek\projects\Moo_Camp_Pallet_Packing\gurobi_coordinate_solver.py"", line 662, in solve     raise RuntimeError(f""no feasible solution found; Gurobi status={status} ({self.model.Status})"") RuntimeError: no feasible solution found; Gurobi status=TIME_LIMIT (9) "
pl046_n038_H1800_2_LB2UB3,38,50,grid_based,timed_out,,,,,,120.036,C:\Users\pherrman\Seafile\Meine Bibliothek\projects\Moo_Camp_Pallet_Packing\output\solver_comparison_pallet_count_only_2026-08-18\results\grid_based\pl046_n038_H1800_2_LB2UB3,external timeout after 120s
pl046_n038_H1800_2_LB2UB3,38,50,coordinate_based,failed,1,,,,,36.602,C:\Users\pherrman\Seafile\Meine Bibliothek\projects\Moo_Camp_Pallet_Packing\output\solver_comparison_pallet_count_only_2026-08-18\results\coordinate_based\pl046_n038_H1800_2_LB2UB3," ""C:\Users\pherrman\Seafile\Meine Bibliothek\projects\Moo_Camp_Pallet_Packing\gurobi_coordinate_solver.py"", line 1059, in <module>     raise SystemExit(main())                      ~~~~^^   File ""C:\Users\pherrman\Seafile\Meine Bibliothek\projects\Moo_Camp_Pallet_Packing\gurobi_coordinate_solver.py"", line 1043, in main     solution, _, _, _ = solve_instance(                         ~~~~~~~~~~~~~~^         input_path,         ^^^^^^^^^^^     ...<3 lines>...         args.print_model,         ^^^^^^^^^^^^^^^^^     )     ^   File ""C:\Users\pherrman\Seafile\Meine Bibliothek\projects\Moo_Camp_Pallet_Packing\gurobi_coordinate_solver.py"", line 892, in solve_instance     solution = exact.solve()   File ""C:\Users\pherrman\Seafile\Meine Bibliothek\projects\Moo_Camp_Pallet_Packing\gurobi_coordinate_solver.py"", line 662, in solve     raise RuntimeError(f""no feasible solution found; Gurobi status={status} ({self.model.Status})"") RuntimeError: no feasible solution found; Gurobi status=TIME_LIMIT (9) "
pl047_n038_H1200_B2_LB3UB3,38,50,grid_based,timed_out,,,,,,120.057,C:\Users\pherrman\Seafile\Meine Bibliothek\projects\Moo_Camp_Pallet_Packing\output\solver_comparison_pallet_count_only_2026-08-18\results\grid_based\pl047_n038_H1200_B2_LB3UB3,external timeout after 120s
pl047_n038_H1200_B2_LB3UB3,38,50,coordinate_based,failed,1,,,,,40.778,C:\Users\pherrman\Seafile\Meine Bibliothek\projects\Moo_Camp_Pallet_Packing\output\solver_comparison_pallet_count_only_2026-08-18\results\coordinate_based\pl047_n038_H1200_B2_LB3UB3," ""C:\Users\pherrman\Seafile\Meine Bibliothek\projects\Moo_Camp_Pallet_Packing\gurobi_coordinate_solver.py"", line 1059, in <module>     raise SystemExit(main())                      ~~~~^^   File ""C:\Users\pherrman\Seafile\Meine Bibliothek\projects\Moo_Camp_Pallet_Packing\gurobi_coordinate_solver.py"", line 1043, in main     solution, _, _, _ = solve_instance(                         ~~~~~~~~~~~~~~^         input_path,         ^^^^^^^^^^^     ...<3 lines>...         args.print_model,         ^^^^^^^^^^^^^^^^^     )     ^   File ""C:\Users\pherrman\Seafile\Meine Bibliothek\projects\Moo_Camp_Pallet_Packing\gurobi_coordinate_solver.py"", line 892, in solve_instance     solution = exact.solve()   File ""C:\Users\pherrman\Seafile\Meine Bibliothek\projects\Moo_Camp_Pallet_Packing\gurobi_coordinate_solver.py"", line 662, in solve     raise RuntimeError(f""no feasible solution found; Gurobi status={status} ({self.model.Status})"") RuntimeError: no feasible solution found; Gurobi status=TIME_LIMIT (9) "
pl048_n038_H1800_B1_LB2UB2,38,50,grid_based,timed_out,,,,,,120.052,C:\Users\pherrman\Seafile\Meine Bibliothek\projects\Moo_Camp_Pallet_Packing\output\solver_comparison_pallet_count_only_2026-08-18\results\grid_based\pl048_n038_H1800_B1_LB2UB2,external timeout after 120s
pl048_n038_H1800_B1_LB2UB2,38,50,coordinate_based,failed,1,,,,,36.425,C:\Users\pherrman\Seafile\Meine Bibliothek\projects\Moo_Camp_Pallet_Packing\output\solver_comparison_pallet_count_only_2026-08-18\results\coordinate_based\pl048_n038_H1800_B1_LB2UB2," ""C:\Users\pherrman\Seafile\Meine Bibliothek\projects\Moo_Camp_Pallet_Packing\gurobi_coordinate_solver.py"", line 1059, in <module>     raise SystemExit(main())                      ~~~~^^   File ""C:\Users\pherrman\Seafile\Meine Bibliothek\projects\Moo_Camp_Pallet_Packing\gurobi_coordinate_solver.py"", line 1043, in main     solution, _, _, _ = solve_instance(                         ~~~~~~~~~~~~~~^         input_path,         ^^^^^^^^^^^     ...<3 lines>...         args.print_model,         ^^^^^^^^^^^^^^^^^     )     ^   File ""C:\Users\pherrman\Seafile\Meine Bibliothek\projects\Moo_Camp_Pallet_Packing\gurobi_coordinate_solver.py"", line 892, in solve_instance     solution = exact.solve()   File ""C:\Users\pherrman\Seafile\Meine Bibliothek\projects\Moo_Camp_Pallet_Packing\gurobi_coordinate_solver.py"", line 662, in solve     raise RuntimeError(f""no feasible solution found; Gurobi status={status} ({self.model.Status})"") RuntimeError: no feasible solution found; Gurobi status=TIME_LIMIT (9) "
pl049_n042_H1800_B1_LB2UB2,42,50,grid_based,timed_out,,,,,,120.048,C:\Users\pherrman\Seafile\Meine Bibliothek\projects\Moo_Camp_Pallet_Packing\output\solver_comparison_pallet_count_only_2026-08-18\results\grid_based\pl049_n042_H1800_B1_LB2UB2,external timeout after 120s
pl049_n042_H1800_B1_LB2UB2,42,50,coordinate_based,failed,1,,,,,39.603,C:\Users\pherrman\Seafile\Meine Bibliothek\projects\Moo_Camp_Pallet_Packing\output\solver_comparison_pallet_count_only_2026-08-18\results\coordinate_based\pl049_n042_H1800_B1_LB2UB2," ""C:\Users\pherrman\Seafile\Meine Bibliothek\projects\Moo_Camp_Pallet_Packing\gurobi_coordinate_solver.py"", line 1059, in <module>     raise SystemExit(main())                      ~~~~^^   File ""C:\Users\pherrman\Seafile\Meine Bibliothek\projects\Moo_Camp_Pallet_Packing\gurobi_coordinate_solver.py"", line 1043, in main     solution, _, _, _ = solve_instance(                         ~~~~~~~~~~~~~~^         input_path,         ^^^^^^^^^^^     ...<3 lines>...         args.print_model,         ^^^^^^^^^^^^^^^^^     )     ^   File ""C:\Users\pherrman\Seafile\Meine Bibliothek\projects\Moo_Camp_Pallet_Packing\gurobi_coordinate_solver.py"", line 892, in solve_instance     solution = exact.solve()   File ""C:\Users\pherrman\Seafile\Meine Bibliothek\projects\Moo_Camp_Pallet_Packing\gurobi_coordinate_solver.py"", line 662, in solve     raise RuntimeError(f""no feasible solution found; Gurobi status={status} ({self.model.Status})"") RuntimeError: no feasible solution found; Gurobi status=TIME_LIMIT (9) "
pl050_n042_H1800_2_LB2UB3,42,50,grid_based,timed_out,,,,,,120.047,C:\Users\pherrman\Seafile\Meine Bibliothek\projects\Moo_Camp_Pallet_Packing\output\solver_comparison_pallet_count_only_2026-08-18\results\grid_based\pl050_n042_H1800_2_LB2UB3,external timeout after 120s
pl050_n042_H1800_2_LB2UB3,42,50,coordinate_based,failed,1,,,,,33.37,C:\Users\pherrman\Seafile\Meine Bibliothek\projects\Moo_Camp_Pallet_Packing\output\solver_comparison_pallet_count_only_2026-08-18\results\coordinate_based\pl050_n042_H1800_2_LB2UB3," ""C:\Users\pherrman\Seafile\Meine Bibliothek\projects\Moo_Camp_Pallet_Packing\gurobi_coordinate_solver.py"", line 1059, in <module>     raise SystemExit(main())                      ~~~~^^   File ""C:\Users\pherrman\Seafile\Meine Bibliothek\projects\Moo_Camp_Pallet_Packing\gurobi_coordinate_solver.py"", line 1043, in main     solution, _, _, _ = solve_instance(                         ~~~~~~~~~~~~~~^         input_path,         ^^^^^^^^^^^     ...<3 lines>...         args.print_model,         ^^^^^^^^^^^^^^^^^     )     ^   File ""C:\Users\pherrman\Seafile\Meine Bibliothek\projects\Moo_Camp_Pallet_Packing\gurobi_coordinate_solver.py"", line 892, in solve_instance     solution = exact.solve()   File ""C:\Users\pherrman\Seafile\Meine Bibliothek\projects\Moo_Camp_Pallet_Packing\gurobi_coordinate_solver.py"", line 662, in solve     raise RuntimeError(f""no feasible solution found; Gurobi status={status} ({self.model.Status})"") RuntimeError: no feasible solution found; Gurobi status=TIME_LIMIT (9) "
pl051_n042_H1200_B2_LB3UB3,42,50,grid_based,timed_out,,,,,,120.024,C:\Users\pherrman\Seafile\Meine Bibliothek\projects\Moo_Camp_Pallet_Packing\output\solver_comparison_pallet_count_only_2026-08-18\results\grid_based\pl051_n042_H1200_B2_LB3UB3,external timeout after 120s
pl051_n042_H1200_B2_LB3UB3,42,50,coordinate_based,failed,1,,,,,33.569,C:\Users\pherrman\Seafile\Meine Bibliothek\projects\Moo_Camp_Pallet_Packing\output\solver_comparison_pallet_count_only_2026-08-18\results\coordinate_based\pl051_n042_H1200_B2_LB3UB3," ""C:\Users\pherrman\Seafile\Meine Bibliothek\projects\Moo_Camp_Pallet_Packing\gurobi_coordinate_solver.py"", line 1059, in <module>     raise SystemExit(main())                      ~~~~^^   File ""C:\Users\pherrman\Seafile\Meine Bibliothek\projects\Moo_Camp_Pallet_Packing\gurobi_coordinate_solver.py"", line 1043, in main     solution, _, _, _ = solve_instance(                         ~~~~~~~~~~~~~~^         input_path,         ^^^^^^^^^^^     ...<3 lines>...         args.print_model,         ^^^^^^^^^^^^^^^^^     )     ^   File ""C:\Users\pherrman\Seafile\Meine Bibliothek\projects\Moo_Camp_Pallet_Packing\gurobi_coordinate_solver.py"", line 892, in solve_instance     solution = exact.solve()   File ""C:\Users\pherrman\Seafile\Meine Bibliothek\projects\Moo_Camp_Pallet_Packing\gurobi_coordinate_solver.py"", line 662, in solve     raise RuntimeError(f""no feasible solution found; Gurobi status={status} ({self.model.Status})"") RuntimeError: no feasible solution found; Gurobi status=TIME_LIMIT (9) "
pl052_n042_H1800_M1_LB2UB3,42,50,grid_based,timed_out,,,,,,120.021,C:\Users\pherrman\Seafile\Meine Bibliothek\projects\Moo_Camp_Pallet_Packing\output\solver_comparison_pallet_count_only_2026-08-18\results\grid_based\pl052_n042_H1800_M1_LB2UB3,external timeout after 120s
pl052_n042_H1800_M1_LB2UB3,42,50,coordinate_based,failed,1,,,,,34.353,C:\Users\pherrman\Seafile\Meine Bibliothek\projects\Moo_Camp_Pallet_Packing\output\solver_comparison_pallet_count_only_2026-08-18\results\coordinate_based\pl052_n042_H1800_M1_LB2UB3," ""C:\Users\pherrman\Seafile\Meine Bibliothek\projects\Moo_Camp_Pallet_Packing\gurobi_coordinate_solver.py"", line 1059, in <module>     raise SystemExit(main())                      ~~~~^^   File ""C:\Users\pherrman\Seafile\Meine Bibliothek\projects\Moo_Camp_Pallet_Packing\gurobi_coordinate_solver.py"", line 1043, in main     solution, _, _, _ = solve_instance(                         ~~~~~~~~~~~~~~^         input_path,         ^^^^^^^^^^^     ...<3 lines>...         args.print_model,         ^^^^^^^^^^^^^^^^^     )     ^   File ""C:\Users\pherrman\Seafile\Meine Bibliothek\projects\Moo_Camp_Pallet_Packing\gurobi_coordinate_solver.py"", line 892, in solve_instance     solution = exact.solve()   File ""C:\Users\pherrman\Seafile\Meine Bibliothek\projects\Moo_Camp_Pallet_Packing\gurobi_coordinate_solver.py"", line 662, in solve     raise RuntimeError(f""no feasible solution found; Gurobi status={status} ({self.model.Status})"") RuntimeError: no feasible solution found; Gurobi status=TIME_LIMIT (9) "
pl053_n046_H1800_M1_LB2UB2,46,50,grid_based,timed_out,,,,,,120.036,C:\Users\pherrman\Seafile\Meine Bibliothek\projects\Moo_Camp_Pallet_Packing\output\solver_comparison_pallet_count_only_2026-08-18\results\grid_based\pl053_n046_H1800_M1_LB2UB2,external timeout after 120s
pl053_n046_H1800_M1_LB2UB2,46,50,coordinate_based,failed,1,,,,,58.392,C:\Users\pherrman\Seafile\Meine Bibliothek\projects\Moo_Camp_Pallet_Packing\output\solver_comparison_pallet_count_only_2026-08-18\results\coordinate_based\pl053_n046_H1800_M1_LB2UB2," ""C:\Users\pherrman\Seafile\Meine Bibliothek\projects\Moo_Camp_Pallet_Packing\gurobi_coordinate_solver.py"", line 1059, in <module>     raise SystemExit(main())                      ~~~~^^   File ""C:\Users\pherrman\Seafile\Meine Bibliothek\projects\Moo_Camp_Pallet_Packing\gurobi_coordinate_solver.py"", line 1043, in main     solution, _, _, _ = solve_instance(                         ~~~~~~~~~~~~~~^         input_path,         ^^^^^^^^^^^     ...<3 lines>...         args.print_model,         ^^^^^^^^^^^^^^^^^     )     ^   File ""C:\Users\pherrman\Seafile\Meine Bibliothek\projects\Moo_Camp_Pallet_Packing\gurobi_coordinate_solver.py"", line 892, in solve_instance     solution = exact.solve()   File ""C:\Users\pherrman\Seafile\Meine Bibliothek\projects\Moo_Camp_Pallet_Packing\gurobi_coordinate_solver.py"", line 662, in solve     raise RuntimeError(f""no feasible solution found; Gurobi status={status} ({self.model.Status})"") RuntimeError: no feasible solution found; Gurobi status=TIME_LIMIT (9) "
pl054_n046_H1800_2_LB2UB3,46,50,grid_based,timed_out,,,,,,120.029,C:\Users\pherrman\Seafile\Meine Bibliothek\projects\Moo_Camp_Pallet_Packing\output\solver_comparison_pallet_count_only_2026-08-18\results\grid_based\pl054_n046_H1800_2_LB2UB3,external timeout after 120s
pl054_n046_H1800_2_LB2UB3,46,50,coordinate_based,failed,1,,,,,41.707,C:\Users\pherrman\Seafile\Meine Bibliothek\projects\Moo_Camp_Pallet_Packing\output\solver_comparison_pallet_count_only_2026-08-18\results\coordinate_based\pl054_n046_H1800_2_LB2UB3," ""C:\Users\pherrman\Seafile\Meine Bibliothek\projects\Moo_Camp_Pallet_Packing\gurobi_coordinate_solver.py"", line 1059, in <module>     raise SystemExit(main())                      ~~~~^^   File ""C:\Users\pherrman\Seafile\Meine Bibliothek\projects\Moo_Camp_Pallet_Packing\gurobi_coordinate_solver.py"", line 1043, in main     solution, _, _, _ = solve_instance(                         ~~~~~~~~~~~~~~^         input_path,         ^^^^^^^^^^^     ...<3 lines>...         args.print_model,         ^^^^^^^^^^^^^^^^^     )     ^   File ""C:\Users\pherrman\Seafile\Meine Bibliothek\projects\Moo_Camp_Pallet_Packing\gurobi_coordinate_solver.py"", line 892, in solve_instance     solution = exact.solve()   File ""C:\Users\pherrman\Seafile\Meine Bibliothek\projects\Moo_Camp_Pallet_Packing\gurobi_coordinate_solver.py"", line 662, in solve     raise RuntimeError(f""no feasible solution found; Gurobi status={status} ({self.model.Status})"") RuntimeError: no feasible solution found; Gurobi status=TIME_LIMIT (9) "
pl055_n046_H1200_B2_LB3UB3,46,50,grid_based,timed_out,,,,,,120.02,C:\Users\pherrman\Seafile\Meine Bibliothek\projects\Moo_Camp_Pallet_Packing\output\solver_comparison_pallet_count_only_2026-08-18\results\grid_based\pl055_n046_H1200_B2_LB3UB3,external timeout after 120s
pl055_n046_H1200_B2_LB3UB3,46,50,coordinate_based,failed,1,,,,,38.606,C:\Users\pherrman\Seafile\Meine Bibliothek\projects\Moo_Camp_Pallet_Packing\output\solver_comparison_pallet_count_only_2026-08-18\results\coordinate_based\pl055_n046_H1200_B2_LB3UB3," ""C:\Users\pherrman\Seafile\Meine Bibliothek\projects\Moo_Camp_Pallet_Packing\gurobi_coordinate_solver.py"", line 1059, in <module>     raise SystemExit(main())                      ~~~~^^   File ""C:\Users\pherrman\Seafile\Meine Bibliothek\projects\Moo_Camp_Pallet_Packing\gurobi_coordinate_solver.py"", line 1043, in main     solution, _, _, _ = solve_instance(                         ~~~~~~~~~~~~~~^         input_path,         ^^^^^^^^^^^     ...<3 lines>...         args.print_model,         ^^^^^^^^^^^^^^^^^     )     ^   File ""C:\Users\pherrman\Seafile\Meine Bibliothek\projects\Moo_Camp_Pallet_Packing\gurobi_coordinate_solver.py"", line 892, in solve_instance     solution = exact.solve()   File ""C:\Users\pherrman\Seafile\Meine Bibliothek\projects\Moo_Camp_Pallet_Packing\gurobi_coordinate_solver.py"", line 662, in solve     raise RuntimeError(f""no feasible solution found; Gurobi status={status} ({self.model.Status})"") RuntimeError: no feasible solution found; Gurobi status=TIME_LIMIT (9) "
pl056_n046_H1800_B1_LB2UB3,46,50,grid_based,timed_out,,,,,,120.047,C:\Users\pherrman\Seafile\Meine Bibliothek\projects\Moo_Camp_Pallet_Packing\output\solver_comparison_pallet_count_only_2026-08-18\results\grid_based\pl056_n046_H1800_B1_LB2UB3,external timeout after 120s
pl056_n046_H1800_B1_LB2UB3,46,50,coordinate_based,failed,1,,,,,38.552,C:\Users\pherrman\Seafile\Meine Bibliothek\projects\Moo_Camp_Pallet_Packing\output\solver_comparison_pallet_count_only_2026-08-18\results\coordinate_based\pl056_n046_H1800_B1_LB2UB3," ""C:\Users\pherrman\Seafile\Meine Bibliothek\projects\Moo_Camp_Pallet_Packing\gurobi_coordinate_solver.py"", line 1059, in <module>     raise SystemExit(main())                      ~~~~^^   File ""C:\Users\pherrman\Seafile\Meine Bibliothek\projects\Moo_Camp_Pallet_Packing\gurobi_coordinate_solver.py"", line 1043, in main     solution, _, _, _ = solve_instance(                         ~~~~~~~~~~~~~~^         input_path,         ^^^^^^^^^^^     ...<3 lines>...         args.print_model,         ^^^^^^^^^^^^^^^^^     )     ^   File ""C:\Users\pherrman\Seafile\Meine Bibliothek\projects\Moo_Camp_Pallet_Packing\gurobi_coordinate_solver.py"", line 892, in solve_instance     solution = exact.solve()   File ""C:\Users\pherrman\Seafile\Meine Bibliothek\projects\Moo_Camp_Pallet_Packing\gurobi_coordinate_solver.py"", line 662, in solve     raise RuntimeError(f""no feasible solution found; Gurobi status={status} ({self.model.Status})"") RuntimeError: no feasible solution found; Gurobi status=TIME_LIMIT (9) "
pl057_n050_H1800_2_LB2UB2,50,50,grid_based,timed_out,,,,,,120.052,C:\Users\pherrman\Seafile\Meine Bibliothek\projects\Moo_Camp_Pallet_Packing\output\solver_comparison_pallet_count_only_2026-08-18\results\grid_based\pl057_n050_H1800_2_LB2UB2,external timeout after 120s
pl057_n050_H1800_2_LB2UB2,50,50,coordinate_based,failed,1,,,,,39.519,C:\Users\pherrman\Seafile\Meine Bibliothek\projects\Moo_Camp_Pallet_Packing\output\solver_comparison_pallet_count_only_2026-08-18\results\coordinate_based\pl057_n050_H1800_2_LB2UB2," ""C:\Users\pherrman\Seafile\Meine Bibliothek\projects\Moo_Camp_Pallet_Packing\gurobi_coordinate_solver.py"", line 1059, in <module>     raise SystemExit(main())                      ~~~~^^   File ""C:\Users\pherrman\Seafile\Meine Bibliothek\projects\Moo_Camp_Pallet_Packing\gurobi_coordinate_solver.py"", line 1043, in main     solution, _, _, _ = solve_instance(                         ~~~~~~~~~~~~~~^         input_path,         ^^^^^^^^^^^     ...<3 lines>...         args.print_model,         ^^^^^^^^^^^^^^^^^     )     ^   File ""C:\Users\pherrman\Seafile\Meine Bibliothek\projects\Moo_Camp_Pallet_Packing\gurobi_coordinate_solver.py"", line 892, in solve_instance     solution = exact.solve()   File ""C:\Users\pherrman\Seafile\Meine Bibliothek\projects\Moo_Camp_Pallet_Packing\gurobi_coordinate_solver.py"", line 662, in solve     raise RuntimeError(f""no feasible solution found; Gurobi status={status} ({self.model.Status})"") RuntimeError: no feasible solution found; Gurobi status=TIME_LIMIT (9) "
pl058_n050_H1800_M1_LB2UB3,50,50,grid_based,timed_out,,,,,,120.019,C:\Users\pherrman\Seafile\Meine Bibliothek\projects\Moo_Camp_Pallet_Packing\output\solver_comparison_pallet_count_only_2026-08-18\results\grid_based\pl058_n050_H1800_M1_LB2UB3,external timeout after 120s
pl058_n050_H1800_M1_LB2UB3,50,50,coordinate_based,failed,1,,,,,40.043,C:\Users\pherrman\Seafile\Meine Bibliothek\projects\Moo_Camp_Pallet_Packing\output\solver_comparison_pallet_count_only_2026-08-18\results\coordinate_based\pl058_n050_H1800_M1_LB2UB3," ""C:\Users\pherrman\Seafile\Meine Bibliothek\projects\Moo_Camp_Pallet_Packing\gurobi_coordinate_solver.py"", line 1059, in <module>     raise SystemExit(main())                      ~~~~^^   File ""C:\Users\pherrman\Seafile\Meine Bibliothek\projects\Moo_Camp_Pallet_Packing\gurobi_coordinate_solver.py"", line 1043, in main     solution, _, _, _ = solve_instance(                         ~~~~~~~~~~~~~~^         input_path,         ^^^^^^^^^^^     ...<3 lines>...         args.print_model,         ^^^^^^^^^^^^^^^^^     )     ^   File ""C:\Users\pherrman\Seafile\Meine Bibliothek\projects\Moo_Camp_Pallet_Packing\gurobi_coordinate_solver.py"", line 892, in solve_instance     solution = exact.solve()   File ""C:\Users\pherrman\Seafile\Meine Bibliothek\projects\Moo_Camp_Pallet_Packing\gurobi_coordinate_solver.py"", line 662, in solve     raise RuntimeError(f""no feasible solution found; Gurobi status={status} ({self.model.Status})"") RuntimeError: no feasible solution found; Gurobi status=TIME_LIMIT (9) "
pl059_n050_H1500_B2_LB3UB3,50,50,grid_based,timed_out,,,,,,120.036,C:\Users\pherrman\Seafile\Meine Bibliothek\projects\Moo_Camp_Pallet_Packing\output\solver_comparison_pallet_count_only_2026-08-18\results\grid_based\pl059_n050_H1500_B2_LB3UB3,external timeout after 120s
pl059_n050_H1500_B2_LB3UB3,50,50,coordinate_based,failed,1,,,,,39.662,C:\Users\pherrman\Seafile\Meine Bibliothek\projects\Moo_Camp_Pallet_Packing\output\solver_comparison_pallet_count_only_2026-08-18\results\coordinate_based\pl059_n050_H1500_B2_LB3UB3," ""C:\Users\pherrman\Seafile\Meine Bibliothek\projects\Moo_Camp_Pallet_Packing\gurobi_coordinate_solver.py"", line 1059, in <module>     raise SystemExit(main())                      ~~~~^^   File ""C:\Users\pherrman\Seafile\Meine Bibliothek\projects\Moo_Camp_Pallet_Packing\gurobi_coordinate_solver.py"", line 1043, in main     solution, _, _, _ = solve_instance(                         ~~~~~~~~~~~~~~^         input_path,         ^^^^^^^^^^^     ...<3 lines>...         args.print_model,         ^^^^^^^^^^^^^^^^^     )     ^   File ""C:\Users\pherrman\Seafile\Meine Bibliothek\projects\Moo_Camp_Pallet_Packing\gurobi_coordinate_solver.py"", line 892, in solve_instance     solution = exact.solve()   File ""C:\Users\pherrman\Seafile\Meine Bibliothek\projects\Moo_Camp_Pallet_Packing\gurobi_coordinate_solver.py"", line 662, in solve     raise RuntimeError(f""no feasible solution found; Gurobi status={status} ({self.model.Status})"") RuntimeError: no feasible solution found; Gurobi status=TIME_LIMIT (9) "
pl060_n050_H1800_B1_LB2UB3,50,50,grid_based,timed_out,,,,,,120.028,C:\Users\pherrman\Seafile\Meine Bibliothek\projects\Moo_Camp_Pallet_Packing\output\solver_comparison_pallet_count_only_2026-08-18\results\grid_based\pl060_n050_H1800_B1_LB2UB3,external timeout after 120s
pl060_n050_H1800_B1_LB2UB3,50,50,coordinate_based,failed,1,,,,,39.663,C:\Users\pherrman\Seafile\Meine Bibliothek\projects\Moo_Camp_Pallet_Packing\output\solver_comparison_pallet_count_only_2026-08-18\results\coordinate_based\pl060_n050_H1800_B1_LB2UB3," ""C:\Users\pherrman\Seafile\Meine Bibliothek\projects\Moo_Camp_Pallet_Packing\gurobi_coordinate_solver.py"", line 1059, in <module>     raise SystemExit(main())                      ~~~~^^   File ""C:\Users\pherrman\Seafile\Meine Bibliothek\projects\Moo_Camp_Pallet_Packing\gurobi_coordinate_solver.py"", line 1043, in main     solution, _, _, _ = solve_instance(                         ~~~~~~~~~~~~~~^         input_path,         ^^^^^^^^^^^     ...<3 lines>...         args.print_model,         ^^^^^^^^^^^^^^^^^     )     ^   File ""C:\Users\pherrman\Seafile\Meine Bibliothek\projects\Moo_Camp_Pallet_Packing\gurobi_coordinate_solver.py"", line 892, in solve_instance     solution = exact.solve()   File ""C:\Users\pherrman\Seafile\Meine Bibliothek\projects\Moo_Camp_Pallet_Packing\gurobi_coordinate_solver.py"", line 662, in solve     raise RuntimeError(f""no feasible solution found; Gurobi status={status} ({self.model.Status})"") RuntimeError: no feasible solution found; Gurobi status=TIME_LIMIT (9) "
pl061_n055_H1800_2_LB2UB2,55,50,grid_based,timed_out,,,,,,120.04,C:\Users\pherrman\Seafile\Meine Bibliothek\projects\Moo_Camp_Pallet_Packing\output\solver_comparison_pallet_count_only_2026-08-18\results\grid_based\pl061_n055_H1800_2_LB2UB2,external timeout after 120s
pl061_n055_H1800_2_LB2UB2,55,50,coordinate_based,failed,1,,,,,42.137,C:\Users\pherrman\Seafile\Meine Bibliothek\projects\Moo_Camp_Pallet_Packing\output\solver_comparison_pallet_count_only_2026-08-18\results\coordinate_based\pl061_n055_H1800_2_LB2UB2," ""C:\Users\pherrman\Seafile\Meine Bibliothek\projects\Moo_Camp_Pallet_Packing\gurobi_coordinate_solver.py"", line 1059, in <module>     raise SystemExit(main())                      ~~~~^^   File ""C:\Users\pherrman\Seafile\Meine Bibliothek\projects\Moo_Camp_Pallet_Packing\gurobi_coordinate_solver.py"", line 1043, in main     solution, _, _, _ = solve_instance(                         ~~~~~~~~~~~~~~^         input_path,         ^^^^^^^^^^^     ...<3 lines>...         args.print_model,         ^^^^^^^^^^^^^^^^^     )     ^   File ""C:\Users\pherrman\Seafile\Meine Bibliothek\projects\Moo_Camp_Pallet_Packing\gurobi_coordinate_solver.py"", line 892, in solve_instance     solution = exact.solve()   File ""C:\Users\pherrman\Seafile\Meine Bibliothek\projects\Moo_Camp_Pallet_Packing\gurobi_coordinate_solver.py"", line 662, in solve     raise RuntimeError(f""no feasible solution found; Gurobi status={status} ({self.model.Status})"") RuntimeError: no feasible solution found; Gurobi status=TIME_LIMIT (9) "
pl062_n055_H1800_M1_LB2UB3,55,50,grid_based,timed_out,,,,,,120.038,C:\Users\pherrman\Seafile\Meine Bibliothek\projects\Moo_Camp_Pallet_Packing\output\solver_comparison_pallet_count_only_2026-08-18\results\grid_based\pl062_n055_H1800_M1_LB2UB3,external timeout after 120s
pl062_n055_H1800_M1_LB2UB3,55,50,coordinate_based,failed,1,,,,,41.841,C:\Users\pherrman\Seafile\Meine Bibliothek\projects\Moo_Camp_Pallet_Packing\output\solver_comparison_pallet_count_only_2026-08-18\results\coordinate_based\pl062_n055_H1800_M1_LB2UB3," ""C:\Users\pherrman\Seafile\Meine Bibliothek\projects\Moo_Camp_Pallet_Packing\gurobi_coordinate_solver.py"", line 1059, in <module>     raise SystemExit(main())                      ~~~~^^   File ""C:\Users\pherrman\Seafile\Meine Bibliothek\projects\Moo_Camp_Pallet_Packing\gurobi_coordinate_solver.py"", line 1043, in main     solution, _, _, _ = solve_instance(                         ~~~~~~~~~~~~~~^         input_path,         ^^^^^^^^^^^     ...<3 lines>...         args.print_model,         ^^^^^^^^^^^^^^^^^     )     ^   File ""C:\Users\pherrman\Seafile\Meine Bibliothek\projects\Moo_Camp_Pallet_Packing\gurobi_coordinate_solver.py"", line 892, in solve_instance     solution = exact.solve()   File ""C:\Users\pherrman\Seafile\Meine Bibliothek\projects\Moo_Camp_Pallet_Packing\gurobi_coordinate_solver.py"", line 662, in solve     raise RuntimeError(f""no feasible solution found; Gurobi status={status} ({self.model.Status})"") RuntimeError: no feasible solution found; Gurobi status=TIME_LIMIT (9) "
pl063_n055_H1500_B2_LB3UB3,55,50,grid_based,timed_out,,,,,,54234.242,C:\Users\pherrman\Seafile\Meine Bibliothek\projects\Moo_Camp_Pallet_Packing\output\solver_comparison_pallet_count_only_2026-08-18\results\grid_based\pl063_n055_H1500_B2_LB3UB3,external timeout after 120s
pl063_n055_H1500_B2_LB3UB3,55,50,coordinate_based,failed,1,,,,,39.1,C:\Users\pherrman\Seafile\Meine Bibliothek\projects\Moo_Camp_Pallet_Packing\output\solver_comparison_pallet_count_only_2026-08-18\results\coordinate_based\pl063_n055_H1500_B2_LB3UB3," ""C:\Users\pherrman\Seafile\Meine Bibliothek\projects\Moo_Camp_Pallet_Packing\gurobi_coordinate_solver.py"", line 1059, in <module>     raise SystemExit(main())                      ~~~~^^   File ""C:\Users\pherrman\Seafile\Meine Bibliothek\projects\Moo_Camp_Pallet_Packing\gurobi_coordinate_solver.py"", line 1043, in main     solution, _, _, _ = solve_instance(                         ~~~~~~~~~~~~~~^         input_path,         ^^^^^^^^^^^     ...<3 lines>...         args.print_model,         ^^^^^^^^^^^^^^^^^     )     ^   File ""C:\Users\pherrman\Seafile\Meine Bibliothek\projects\Moo_Camp_Pallet_Packing\gurobi_coordinate_solver.py"", line 892, in solve_instance     solution = exact.solve()   File ""C:\Users\pherrman\Seafile\Meine Bibliothek\projects\Moo_Camp_Pallet_Packing\gurobi_coordinate_solver.py"", line 662, in solve     raise RuntimeError(f""no feasible solution found; Gurobi status={status} ({self.model.Status})"") RuntimeError: no feasible solution found; Gurobi status=TIME_LIMIT (9) "
pl064_n055_H1800_B1_LB2UB2,55,50,grid_based,timed_out,,,,,,120.025,C:\Users\pherrman\Seafile\Meine Bibliothek\projects\Moo_Camp_Pallet_Packing\output\solver_comparison_pallet_count_only_2026-08-18\results\grid_based\pl064_n055_H1800_B1_LB2UB2,external timeout after 120s
pl064_n055_H1800_B1_LB2UB2,55,50,coordinate_based,failed,1,,,,,43.018,C:\Users\pherrman\Seafile\Meine Bibliothek\projects\Moo_Camp_Pallet_Packing\output\solver_comparison_pallet_count_only_2026-08-18\results\coordinate_based\pl064_n055_H1800_B1_LB2UB2," ""C:\Users\pherrman\Seafile\Meine Bibliothek\projects\Moo_Camp_Pallet_Packing\gurobi_coordinate_solver.py"", line 1059, in <module>     raise SystemExit(main())                      ~~~~^^   File ""C:\Users\pherrman\Seafile\Meine Bibliothek\projects\Moo_Camp_Pallet_Packing\gurobi_coordinate_solver.py"", line 1043, in main     solution, _, _, _ = solve_instance(                         ~~~~~~~~~~~~~~^         input_path,         ^^^^^^^^^^^     ...<3 lines>...         args.print_model,         ^^^^^^^^^^^^^^^^^     )     ^   File ""C:\Users\pherrman\Seafile\Meine Bibliothek\projects\Moo_Camp_Pallet_Packing\gurobi_coordinate_solver.py"", line 892, in solve_instance     solution = exact.solve()   File ""C:\Users\pherrman\Seafile\Meine Bibliothek\projects\Moo_Camp_Pallet_Packing\gurobi_coordinate_solver.py"", line 662, in solve     raise RuntimeError(f""no feasible solution found; Gurobi status={status} ({self.model.Status})"") RuntimeError: no feasible solution found; Gurobi status=TIME_LIMIT (9) "
pl065_n060_H1800_2_LB2UB2,60,50,grid_based,timed_out,,,,,,120.036,C:\Users\pherrman\Seafile\Meine Bibliothek\projects\Moo_Camp_Pallet_Packing\output\solver_comparison_pallet_count_only_2026-08-18\results\grid_based\pl065_n060_H1800_2_LB2UB2,external timeout after 120s
pl065_n060_H1800_2_LB2UB2,60,50,coordinate_based,failed,1,,,,,54.046,C:\Users\pherrman\Seafile\Meine Bibliothek\projects\Moo_Camp_Pallet_Packing\output\solver_comparison_pallet_count_only_2026-08-18\results\coordinate_based\pl065_n060_H1800_2_LB2UB2," ""C:\Users\pherrman\Seafile\Meine Bibliothek\projects\Moo_Camp_Pallet_Packing\gurobi_coordinate_solver.py"", line 1059, in <module>     raise SystemExit(main())                      ~~~~^^   File ""C:\Users\pherrman\Seafile\Meine Bibliothek\projects\Moo_Camp_Pallet_Packing\gurobi_coordinate_solver.py"", line 1043, in main     solution, _, _, _ = solve_instance(                         ~~~~~~~~~~~~~~^         input_path,         ^^^^^^^^^^^     ...<3 lines>...         args.print_model,         ^^^^^^^^^^^^^^^^^     )     ^   File ""C:\Users\pherrman\Seafile\Meine Bibliothek\projects\Moo_Camp_Pallet_Packing\gurobi_coordinate_solver.py"", line 892, in solve_instance     solution = exact.solve()   File ""C:\Users\pherrman\Seafile\Meine Bibliothek\projects\Moo_Camp_Pallet_Packing\gurobi_coordinate_solver.py"", line 662, in solve     raise RuntimeError(f""no feasible solution found; Gurobi status={status} ({self.model.Status})"") RuntimeError: no feasible solution found; Gurobi status=TIME_LIMIT (9) "
pl066_n060_H1800_M1_LB2UB3,60,50,grid_based,timed_out,,,,,,120.038,C:\Users\pherrman\Seafile\Meine Bibliothek\projects\Moo_Camp_Pallet_Packing\output\solver_comparison_pallet_count_only_2026-08-18\results\grid_based\pl066_n060_H1800_M1_LB2UB3,external timeout after 120s
pl066_n060_H1800_M1_LB2UB3,60,50,coordinate_based,failed,1,,,,,44.434,C:\Users\pherrman\Seafile\Meine Bibliothek\projects\Moo_Camp_Pallet_Packing\output\solver_comparison_pallet_count_only_2026-08-18\results\coordinate_based\pl066_n060_H1800_M1_LB2UB3," ""C:\Users\pherrman\Seafile\Meine Bibliothek\projects\Moo_Camp_Pallet_Packing\gurobi_coordinate_solver.py"", line 1059, in <module>     raise SystemExit(main())                      ~~~~^^   File ""C:\Users\pherrman\Seafile\Meine Bibliothek\projects\Moo_Camp_Pallet_Packing\gurobi_coordinate_solver.py"", line 1043, in main     solution, _, _, _ = solve_instance(                         ~~~~~~~~~~~~~~^         input_path,         ^^^^^^^^^^^     ...<3 lines>...         args.print_model,         ^^^^^^^^^^^^^^^^^     )     ^   File ""C:\Users\pherrman\Seafile\Meine Bibliothek\projects\Moo_Camp_Pallet_Packing\gurobi_coordinate_solver.py"", line 892, in solve_instance     solution = exact.solve()   File ""C:\Users\pherrman\Seafile\Meine Bibliothek\projects\Moo_Camp_Pallet_Packing\gurobi_coordinate_solver.py"", line 662, in solve     raise RuntimeError(f""no feasible solution found; Gurobi status={status} ({self.model.Status})"") RuntimeError: no feasible solution found; Gurobi status=TIME_LIMIT (9) "
pl067_n060_H1800_B2_LB3UB3,60,50,grid_based,timed_out,,,,,,120.03,C:\Users\pherrman\Seafile\Meine Bibliothek\projects\Moo_Camp_Pallet_Packing\output\solver_comparison_pallet_count_only_2026-08-18\results\grid_based\pl067_n060_H1800_B2_LB3UB3,external timeout after 120s
pl067_n060_H1800_B2_LB3UB3,60,50,coordinate_based,failed,1,,,,,45.483,C:\Users\pherrman\Seafile\Meine Bibliothek\projects\Moo_Camp_Pallet_Packing\output\solver_comparison_pallet_count_only_2026-08-18\results\coordinate_based\pl067_n060_H1800_B2_LB3UB3," ""C:\Users\pherrman\Seafile\Meine Bibliothek\projects\Moo_Camp_Pallet_Packing\gurobi_coordinate_solver.py"", line 1059, in <module>     raise SystemExit(main())                      ~~~~^^   File ""C:\Users\pherrman\Seafile\Meine Bibliothek\projects\Moo_Camp_Pallet_Packing\gurobi_coordinate_solver.py"", line 1043, in main     solution, _, _, _ = solve_instance(                         ~~~~~~~~~~~~~~^         input_path,         ^^^^^^^^^^^     ...<3 lines>...         args.print_model,         ^^^^^^^^^^^^^^^^^     )     ^   File ""C:\Users\pherrman\Seafile\Meine Bibliothek\projects\Moo_Camp_Pallet_Packing\gurobi_coordinate_solver.py"", line 892, in solve_instance     solution = exact.solve()   File ""C:\Users\pherrman\Seafile\Meine Bibliothek\projects\Moo_Camp_Pallet_Packing\gurobi_coordinate_solver.py"", line 662, in solve     raise RuntimeError(f""no feasible solution found; Gurobi status={status} ({self.model.Status})"") RuntimeError: no feasible solution found; Gurobi status=TIME_LIMIT (9) "
pl068_n060_H1800_B1_LB2UB2,60,50,grid_based,timed_out,,,,,,120.041,C:\Users\pherrman\Seafile\Meine Bibliothek\projects\Moo_Camp_Pallet_Packing\output\solver_comparison_pallet_count_only_2026-08-18\results\grid_based\pl068_n060_H1800_B1_LB2UB2,external timeout after 120s
pl068_n060_H1800_B1_LB2UB2,60,50,coordinate_based,failed,1,,,,,43.85,C:\Users\pherrman\Seafile\Meine Bibliothek\projects\Moo_Camp_Pallet_Packing\output\solver_comparison_pallet_count_only_2026-08-18\results\coordinate_based\pl068_n060_H1800_B1_LB2UB2," ""C:\Users\pherrman\Seafile\Meine Bibliothek\projects\Moo_Camp_Pallet_Packing\gurobi_coordinate_solver.py"", line 1059, in <module>     raise SystemExit(main())                      ~~~~^^   File ""C:\Users\pherrman\Seafile\Meine Bibliothek\projects\Moo_Camp_Pallet_Packing\gurobi_coordinate_solver.py"", line 1043, in main     solution, _, _, _ = solve_instance(                         ~~~~~~~~~~~~~~^         input_path,         ^^^^^^^^^^^     ...<3 lines>...         args.print_model,         ^^^^^^^^^^^^^^^^^     )     ^   File ""C:\Users\pherrman\Seafile\Meine Bibliothek\projects\Moo_Camp_Pallet_Packing\gurobi_coordinate_solver.py"", line 892, in solve_instance     solution = exact.solve()   File ""C:\Users\pherrman\Seafile\Meine Bibliothek\projects\Moo_Camp_Pallet_Packing\gurobi_coordinate_solver.py"", line 662, in solve     raise RuntimeError(f""no feasible solution found; Gurobi status={status} ({self.model.Status})"") RuntimeError: no feasible solution found; Gurobi status=TIME_LIMIT (9) "
pl069_n065_H1800_2_LB2UB2,65,50,grid_based,timed_out,,,,,,120.047,C:\Users\pherrman\Seafile\Meine Bibliothek\projects\Moo_Camp_Pallet_Packing\output\solver_comparison_pallet_count_only_2026-08-18\results\grid_based\pl069_n065_H1800_2_LB2UB2,external timeout after 120s
pl069_n065_H1800_2_LB2UB2,65,50,coordinate_based,failed,1,,,,,66.25,C:\Users\pherrman\Seafile\Meine Bibliothek\projects\Moo_Camp_Pallet_Packing\output\solver_comparison_pallet_count_only_2026-08-18\results\coordinate_based\pl069_n065_H1800_2_LB2UB2," ""C:\Users\pherrman\Seafile\Meine Bibliothek\projects\Moo_Camp_Pallet_Packing\gurobi_coordinate_solver.py"", line 1059, in <module>     raise SystemExit(main())                      ~~~~^^   File ""C:\Users\pherrman\Seafile\Meine Bibliothek\projects\Moo_Camp_Pallet_Packing\gurobi_coordinate_solver.py"", line 1043, in main     solution, _, _, _ = solve_instance(                         ~~~~~~~~~~~~~~^         input_path,         ^^^^^^^^^^^     ...<3 lines>...         args.print_model,         ^^^^^^^^^^^^^^^^^     )     ^   File ""C:\Users\pherrman\Seafile\Meine Bibliothek\projects\Moo_Camp_Pallet_Packing\gurobi_coordinate_solver.py"", line 892, in solve_instance     solution = exact.solve()   File ""C:\Users\pherrman\Seafile\Meine Bibliothek\projects\Moo_Camp_Pallet_Packing\gurobi_coordinate_solver.py"", line 662, in solve     raise RuntimeError(f""no feasible solution found; Gurobi status={status} ({self.model.Status})"") RuntimeError: no feasible solution found; Gurobi status=TIME_LIMIT (9) "
pl070_n065_H1800_M1_LB2UB3,65,50,grid_based,timed_out,,,,,,120.048,C:\Users\pherrman\Seafile\Meine Bibliothek\projects\Moo_Camp_Pallet_Packing\output\solver_comparison_pallet_count_only_2026-08-18\results\grid_based\pl070_n065_H1800_M1_LB2UB3,external timeout after 120s
pl070_n065_H1800_M1_LB2UB3,65,50,coordinate_based,failed,1,,,,,46.725,C:\Users\pherrman\Seafile\Meine Bibliothek\projects\Moo_Camp_Pallet_Packing\output\solver_comparison_pallet_count_only_2026-08-18\results\coordinate_based\pl070_n065_H1800_M1_LB2UB3," ""C:\Users\pherrman\Seafile\Meine Bibliothek\projects\Moo_Camp_Pallet_Packing\gurobi_coordinate_solver.py"", line 1059, in <module>     raise SystemExit(main())                      ~~~~^^   File ""C:\Users\pherrman\Seafile\Meine Bibliothek\projects\Moo_Camp_Pallet_Packing\gurobi_coordinate_solver.py"", line 1043, in main     solution, _, _, _ = solve_instance(                         ~~~~~~~~~~~~~~^         input_path,         ^^^^^^^^^^^     ...<3 lines>...         args.print_model,         ^^^^^^^^^^^^^^^^^     )     ^   File ""C:\Users\pherrman\Seafile\Meine Bibliothek\projects\Moo_Camp_Pallet_Packing\gurobi_coordinate_solver.py"", line 892, in solve_instance     solution = exact.solve()   File ""C:\Users\pherrman\Seafile\Meine Bibliothek\projects\Moo_Camp_Pallet_Packing\gurobi_coordinate_solver.py"", line 662, in solve     raise RuntimeError(f""no feasible solution found; Gurobi status={status} ({self.model.Status})"") RuntimeError: no feasible solution found; Gurobi status=TIME_LIMIT (9) "
pl071_n065_H1500_B1_LB3UB3,65,50,grid_based,timed_out,,,,,,120.04,C:\Users\pherrman\Seafile\Meine Bibliothek\projects\Moo_Camp_Pallet_Packing\output\solver_comparison_pallet_count_only_2026-08-18\results\grid_based\pl071_n065_H1500_B1_LB3UB3,external timeout after 120s
pl071_n065_H1500_B1_LB3UB3,65,50,coordinate_based,failed,1,,,,,46.079,C:\Users\pherrman\Seafile\Meine Bibliothek\projects\Moo_Camp_Pallet_Packing\output\solver_comparison_pallet_count_only_2026-08-18\results\coordinate_based\pl071_n065_H1500_B1_LB3UB3," ""C:\Users\pherrman\Seafile\Meine Bibliothek\projects\Moo_Camp_Pallet_Packing\gurobi_coordinate_solver.py"", line 1059, in <module>     raise SystemExit(main())                      ~~~~^^   File ""C:\Users\pherrman\Seafile\Meine Bibliothek\projects\Moo_Camp_Pallet_Packing\gurobi_coordinate_solver.py"", line 1043, in main     solution, _, _, _ = solve_instance(                         ~~~~~~~~~~~~~~^         input_path,         ^^^^^^^^^^^     ...<3 lines>...         args.print_model,         ^^^^^^^^^^^^^^^^^     )     ^   File ""C:\Users\pherrman\Seafile\Meine Bibliothek\projects\Moo_Camp_Pallet_Packing\gurobi_coordinate_solver.py"", line 892, in solve_instance     solution = exact.solve()   File ""C:\Users\pherrman\Seafile\Meine Bibliothek\projects\Moo_Camp_Pallet_Packing\gurobi_coordinate_solver.py"", line 662, in solve     raise RuntimeError(f""no feasible solution found; Gurobi status={status} ({self.model.Status})"") RuntimeError: no feasible solution found; Gurobi status=TIME_LIMIT (9) "
pl072_n065_H1800_1_LB2UB2,65,50,grid_based,timed_out,,,,,,120.027,C:\Users\pherrman\Seafile\Meine Bibliothek\projects\Moo_Camp_Pallet_Packing\output\solver_comparison_pallet_count_only_2026-08-18\results\grid_based\pl072_n065_H1800_1_LB2UB2,external timeout after 120s
pl072_n065_H1800_1_LB2UB2,65,50,coordinate_based,failed,1,,,,,46.13,C:\Users\pherrman\Seafile\Meine Bibliothek\projects\Moo_Camp_Pallet_Packing\output\solver_comparison_pallet_count_only_2026-08-18\results\coordinate_based\pl072_n065_H1800_1_LB2UB2," ""C:\Users\pherrman\Seafile\Meine Bibliothek\projects\Moo_Camp_Pallet_Packing\gurobi_coordinate_solver.py"", line 1059, in <module>     raise SystemExit(main())                      ~~~~^^   File ""C:\Users\pherrman\Seafile\Meine Bibliothek\projects\Moo_Camp_Pallet_Packing\gurobi_coordinate_solver.py"", line 1043, in main     solution, _, _, _ = solve_instance(                         ~~~~~~~~~~~~~~^         input_path,         ^^^^^^^^^^^     ...<3 lines>...         args.print_model,         ^^^^^^^^^^^^^^^^^     )     ^   File ""C:\Users\pherrman\Seafile\Meine Bibliothek\projects\Moo_Camp_Pallet_Packing\gurobi_coordinate_solver.py"", line 892, in solve_instance     solution = exact.solve()   File ""C:\Users\pherrman\Seafile\Meine Bibliothek\projects\Moo_Camp_Pallet_Packing\gurobi_coordinate_solver.py"", line 662, in solve     raise RuntimeError(f""no feasible solution found; Gurobi status={status} ({self.model.Status})"") RuntimeError: no feasible solution found; Gurobi status=TIME_LIMIT (9) "
pl073_n070_H1800_2_LB2UB2,70,50,grid_based,timed_out,,,,,,120.042,C:\Users\pherrman\Seafile\Meine Bibliothek\projects\Moo_Camp_Pallet_Packing\output\solver_comparison_pallet_count_only_2026-08-18\results\grid_based\pl073_n070_H1800_2_LB2UB2,external timeout after 120s
pl073_n070_H1800_2_LB2UB2,70,50,coordinate_based,failed,1,,,,,48.86,C:\Users\pherrman\Seafile\Meine Bibliothek\projects\Moo_Camp_Pallet_Packing\output\solver_comparison_pallet_count_only_2026-08-18\results\coordinate_based\pl073_n070_H1800_2_LB2UB2," ""C:\Users\pherrman\Seafile\Meine Bibliothek\projects\Moo_Camp_Pallet_Packing\gurobi_coordinate_solver.py"", line 1059, in <module>     raise SystemExit(main())                      ~~~~^^   File ""C:\Users\pherrman\Seafile\Meine Bibliothek\projects\Moo_Camp_Pallet_Packing\gurobi_coordinate_solver.py"", line 1043, in main     solution, _, _, _ = solve_instance(                         ~~~~~~~~~~~~~~^         input_path,         ^^^^^^^^^^^     ...<3 lines>...         args.print_model,         ^^^^^^^^^^^^^^^^^     )     ^   File ""C:\Users\pherrman\Seafile\Meine Bibliothek\projects\Moo_Camp_Pallet_Packing\gurobi_coordinate_solver.py"", line 892, in solve_instance     solution = exact.solve()   File ""C:\Users\pherrman\Seafile\Meine Bibliothek\projects\Moo_Camp_Pallet_Packing\gurobi_coordinate_solver.py"", line 662, in solve     raise RuntimeError(f""no feasible solution found; Gurobi status={status} ({self.model.Status})"") RuntimeError: no feasible solution found; Gurobi status=TIME_LIMIT (9) "
pl074_n070_H1800_M1_LB2UB3,70,50,grid_based,timed_out,,,,,,120.034,C:\Users\pherrman\Seafile\Meine Bibliothek\projects\Moo_Camp_Pallet_Packing\output\solver_comparison_pallet_count_only_2026-08-18\results\grid_based\pl074_n070_H1800_M1_LB2UB3,external timeout after 120s
pl074_n070_H1800_M1_LB2UB3,70,50,coordinate_based,failed,1,,,,,50.609,C:\Users\pherrman\Seafile\Meine Bibliothek\projects\Moo_Camp_Pallet_Packing\output\solver_comparison_pallet_count_only_2026-08-18\results\coordinate_based\pl074_n070_H1800_M1_LB2UB3," ""C:\Users\pherrman\Seafile\Meine Bibliothek\projects\Moo_Camp_Pallet_Packing\gurobi_coordinate_solver.py"", line 1059, in <module>     raise SystemExit(main())                      ~~~~^^   File ""C:\Users\pherrman\Seafile\Meine Bibliothek\projects\Moo_Camp_Pallet_Packing\gurobi_coordinate_solver.py"", line 1043, in main     solution, _, _, _ = solve_instance(                         ~~~~~~~~~~~~~~^         input_path,         ^^^^^^^^^^^     ...<3 lines>...         args.print_model,         ^^^^^^^^^^^^^^^^^     )     ^   File ""C:\Users\pherrman\Seafile\Meine Bibliothek\projects\Moo_Camp_Pallet_Packing\gurobi_coordinate_solver.py"", line 892, in solve_instance     solution = exact.solve()   File ""C:\Users\pherrman\Seafile\Meine Bibliothek\projects\Moo_Camp_Pallet_Packing\gurobi_coordinate_solver.py"", line 662, in solve     raise RuntimeError(f""no feasible solution found; Gurobi status={status} ({self.model.Status})"") RuntimeError: no feasible solution found; Gurobi status=TIME_LIMIT (9) "
pl075_n070_H1500_B1_LB3UB3,70,50,grid_based,timed_out,,,,,,120.025,C:\Users\pherrman\Seafile\Meine Bibliothek\projects\Moo_Camp_Pallet_Packing\output\solver_comparison_pallet_count_only_2026-08-18\results\grid_based\pl075_n070_H1500_B1_LB3UB3,external timeout after 120s
pl075_n070_H1500_B1_LB3UB3,70,50,coordinate_based,failed,1,,,,,50.841,C:\Users\pherrman\Seafile\Meine Bibliothek\projects\Moo_Camp_Pallet_Packing\output\solver_comparison_pallet_count_only_2026-08-18\results\coordinate_based\pl075_n070_H1500_B1_LB3UB3," ""C:\Users\pherrman\Seafile\Meine Bibliothek\projects\Moo_Camp_Pallet_Packing\gurobi_coordinate_solver.py"", line 1059, in <module>     raise SystemExit(main())                      ~~~~^^   File ""C:\Users\pherrman\Seafile\Meine Bibliothek\projects\Moo_Camp_Pallet_Packing\gurobi_coordinate_solver.py"", line 1043, in main     solution, _, _, _ = solve_instance(                         ~~~~~~~~~~~~~~^         input_path,         ^^^^^^^^^^^     ...<3 lines>...         args.print_model,         ^^^^^^^^^^^^^^^^^     )     ^   File ""C:\Users\pherrman\Seafile\Meine Bibliothek\projects\Moo_Camp_Pallet_Packing\gurobi_coordinate_solver.py"", line 892, in solve_instance     solution = exact.solve()   File ""C:\Users\pherrman\Seafile\Meine Bibliothek\projects\Moo_Camp_Pallet_Packing\gurobi_coordinate_solver.py"", line 662, in solve     raise RuntimeError(f""no feasible solution found; Gurobi status={status} ({self.model.Status})"") RuntimeError: no feasible solution found; Gurobi status=TIME_LIMIT (9) "
pl076_n070_H1800_1_LB2UB2,70,50,grid_based,timed_out,,,,,,120.028,C:\Users\pherrman\Seafile\Meine Bibliothek\projects\Moo_Camp_Pallet_Packing\output\solver_comparison_pallet_count_only_2026-08-18\results\grid_based\pl076_n070_H1800_1_LB2UB2,external timeout after 120s
pl076_n070_H1800_1_LB2UB2,70,50,coordinate_based,failed,1,,,,,49.327,C:\Users\pherrman\Seafile\Meine Bibliothek\projects\Moo_Camp_Pallet_Packing\output\solver_comparison_pallet_count_only_2026-08-18\results\coordinate_based\pl076_n070_H1800_1_LB2UB2," ""C:\Users\pherrman\Seafile\Meine Bibliothek\projects\Moo_Camp_Pallet_Packing\gurobi_coordinate_solver.py"", line 1059, in <module>     raise SystemExit(main())                      ~~~~^^   File ""C:\Users\pherrman\Seafile\Meine Bibliothek\projects\Moo_Camp_Pallet_Packing\gurobi_coordinate_solver.py"", line 1043, in main     solution, _, _, _ = solve_instance(                         ~~~~~~~~~~~~~~^         input_path,         ^^^^^^^^^^^     ...<3 lines>...         args.print_model,         ^^^^^^^^^^^^^^^^^     )     ^   File ""C:\Users\pherrman\Seafile\Meine Bibliothek\projects\Moo_Camp_Pallet_Packing\gurobi_coordinate_solver.py"", line 892, in solve_instance     solution = exact.solve()   File ""C:\Users\pherrman\Seafile\Meine Bibliothek\projects\Moo_Camp_Pallet_Packing\gurobi_coordinate_solver.py"", line 662, in solve     raise RuntimeError(f""no feasible solution found; Gurobi status={status} ({self.model.Status})"") RuntimeError: no feasible solution found; Gurobi status=TIME_LIMIT (9) "
pl077_n075_H1800_2_LB2UB2,75,50,grid_based,timed_out,,,,,,120.035,C:\Users\pherrman\Seafile\Meine Bibliothek\projects\Moo_Camp_Pallet_Packing\output\solver_comparison_pallet_count_only_2026-08-18\results\grid_based\pl077_n075_H1800_2_LB2UB2,external timeout after 120s
pl077_n075_H1800_2_LB2UB2,75,50,coordinate_based,failed,1,,,,,51.555,C:\Users\pherrman\Seafile\Meine Bibliothek\projects\Moo_Camp_Pallet_Packing\output\solver_comparison_pallet_count_only_2026-08-18\results\coordinate_based\pl077_n075_H1800_2_LB2UB2," ""C:\Users\pherrman\Seafile\Meine Bibliothek\projects\Moo_Camp_Pallet_Packing\gurobi_coordinate_solver.py"", line 1059, in <module>     raise SystemExit(main())                      ~~~~^^   File ""C:\Users\pherrman\Seafile\Meine Bibliothek\projects\Moo_Camp_Pallet_Packing\gurobi_coordinate_solver.py"", line 1043, in main     solution, _, _, _ = solve_instance(                         ~~~~~~~~~~~~~~^         input_path,         ^^^^^^^^^^^     ...<3 lines>...         args.print_model,         ^^^^^^^^^^^^^^^^^     )     ^   File ""C:\Users\pherrman\Seafile\Meine Bibliothek\projects\Moo_Camp_Pallet_Packing\gurobi_coordinate_solver.py"", line 892, in solve_instance     solution = exact.solve()   File ""C:\Users\pherrman\Seafile\Meine Bibliothek\projects\Moo_Camp_Pallet_Packing\gurobi_coordinate_solver.py"", line 662, in solve     raise RuntimeError(f""no feasible solution found; Gurobi status={status} ({self.model.Status})"") RuntimeError: no feasible solution found; Gurobi status=TIME_LIMIT (9) "
pl078_n075_H1800_1_LB2UB3,75,50,grid_based,timed_out,,,,,,120.039,C:\Users\pherrman\Seafile\Meine Bibliothek\projects\Moo_Camp_Pallet_Packing\output\solver_comparison_pallet_count_only_2026-08-18\results\grid_based\pl078_n075_H1800_1_LB2UB3,external timeout after 120s
pl078_n075_H1800_1_LB2UB3,75,50,coordinate_based,failed,1,,,,,93.345,C:\Users\pherrman\Seafile\Meine Bibliothek\projects\Moo_Camp_Pallet_Packing\output\solver_comparison_pallet_count_only_2026-08-18\results\coordinate_based\pl078_n075_H1800_1_LB2UB3,"man\Seafile\Meine Bibliothek\projects\Moo_Camp_Pallet_Packing\gurobi_coordinate_solver.py"", line 1059, in <module>     for number, input_path in enumerate(instances, start=1):                      ^^^^^^   File ""C:\Users\pherrman\Seafile\Meine Bibliothek\projects\Moo_Camp_Pallet_Packing\gurobi_coordinate_solver.py"", line 1043, in main     with (output_dir / ""batch_summary.csv"").open(""w"", newline="""", encoding=""utf-8"") as handle:                         ^^^^^^^^^^^^^^^^^^^^^^^^^^^^^^^^^^^^^^^^^^^^^^^^^^^^^^^^^^^^^^^^^^^^^^     ...<5 lines>...             File ""C:\Users\pherrman\Seafile\Meine Bibliothek\projects\Moo_Camp_Pallet_Packing\gurobi_coordinate_solver.py"", line 892, in solve_instance     x=[left, right, right, left, left],        ^^^^^^^^^^^^^   File ""C:\Users\pherrman\Seafile\Meine Bibliothek\projects\Moo_Camp_Pallet_Packing\gurobi_coordinate_solver.py"", line 662, in solve     self.contact[i, j, p] = contact RuntimeError: no feasible solution found; Gurobi status=TIME_LIMIT (9) "
pl079_n075_H1500_B1_LB3UB3,75,50,grid_based,timed_out,,,,,,120.034,C:\Users\pherrman\Seafile\Meine Bibliothek\projects\Moo_Camp_Pallet_Packing\output\solver_comparison_pallet_count_only_2026-08-18\results\grid_based\pl079_n075_H1500_B1_LB3UB3,external timeout after 120s
pl079_n075_H1500_B1_LB3UB3,75,50,coordinate_based,failed,1,,,,,60.941,C:\Users\pherrman\Seafile\Meine Bibliothek\projects\Moo_Camp_Pallet_Packing\output\solver_comparison_pallet_count_only_2026-08-18\results\coordinate_based\pl079_n075_H1500_B1_LB3UB3,"""C:\Users\pherrman\Seafile\Meine Bibliothek\projects\Moo_Camp_Pallet_Packing\gurobi_coordinate_solver.py"", line 1167, in <module>     raise SystemExit(main())                      ~~~~^^   File ""C:\Users\pherrman\Seafile\Meine Bibliothek\projects\Moo_Camp_Pallet_Packing\gurobi_coordinate_solver.py"", line 1151, in main     solution, _, _, _ = solve_instance(                         ~~~~~~~~~~~~~~^         input_path,         ^^^^^^^^^^^     ...<3 lines>...         args.print_model,         ^^^^^^^^^^^^^^^^^     )     ^   File ""C:\Users\pherrman\Seafile\Meine Bibliothek\projects\Moo_Camp_Pallet_Packing\gurobi_coordinate_solver.py"", line 1000, in solve_instance     solution = exact.solve()   File ""C:\Users\pherrman\Seafile\Meine Bibliothek\projects\Moo_Camp_Pallet_Packing\gurobi_coordinate_solver.py"", line 770, in solve     raise RuntimeError(f""no feasible solution found; Gurobi status={status} ({self.model.Status})"") RuntimeError: no feasible solution found; Gurobi status=TIME_LIMIT (9) "
pl080_n075_H1800_M1_LB2UB2,75,50,grid_based,timed_out,,,,,,120.029,C:\Users\pherrman\Seafile\Meine Bibliothek\projects\Moo_Camp_Pallet_Packing\output\solver_comparison_pallet_count_only_2026-08-18\results\grid_based\pl080_n075_H1800_M1_LB2UB2,external timeout after 120s
pl080_n075_H1800_M1_LB2UB2,75,50,coordinate_based,failed,1,,,,,52.196,C:\Users\pherrman\Seafile\Meine Bibliothek\projects\Moo_Camp_Pallet_Packing\output\solver_comparison_pallet_count_only_2026-08-18\results\coordinate_based\pl080_n075_H1800_M1_LB2UB2,"""C:\Users\pherrman\Seafile\Meine Bibliothek\projects\Moo_Camp_Pallet_Packing\gurobi_coordinate_solver.py"", line 1167, in <module>     raise SystemExit(main())                      ~~~~^^   File ""C:\Users\pherrman\Seafile\Meine Bibliothek\projects\Moo_Camp_Pallet_Packing\gurobi_coordinate_solver.py"", line 1151, in main     solution, _, _, _ = solve_instance(                         ~~~~~~~~~~~~~~^         input_path,         ^^^^^^^^^^^     ...<3 lines>...         args.print_model,         ^^^^^^^^^^^^^^^^^     )     ^   File ""C:\Users\pherrman\Seafile\Meine Bibliothek\projects\Moo_Camp_Pallet_Packing\gurobi_coordinate_solver.py"", line 1000, in solve_instance     solution = exact.solve()   File ""C:\Users\pherrman\Seafile\Meine Bibliothek\projects\Moo_Camp_Pallet_Packing\gurobi_coordinate_solver.py"", line 770, in solve     raise RuntimeError(f""no feasible solution found; Gurobi status={status} ({self.model.Status})"") RuntimeError: no feasible solution found; Gurobi status=TIME_LIMIT (9) "
pl081_n080_H1800_2_LB2UB2,80,50,grid_based,timed_out,,,,,,120.058,C:\Users\pherrman\Seafile\Meine Bibliothek\projects\Moo_Camp_Pallet_Packing\output\solver_comparison_pallet_count_only_2026-08-18\results\grid_based\pl081_n080_H1800_2_LB2UB2,external timeout after 120s
pl081_n080_H1800_2_LB2UB2,80,50,coordinate_based,failed,1,,,,,54.747,C:\Users\pherrman\Seafile\Meine Bibliothek\projects\Moo_Camp_Pallet_Packing\output\solver_comparison_pallet_count_only_2026-08-18\results\coordinate_based\pl081_n080_H1800_2_LB2UB2,"""C:\Users\pherrman\Seafile\Meine Bibliothek\projects\Moo_Camp_Pallet_Packing\gurobi_coordinate_solver.py"", line 1167, in <module>     raise SystemExit(main())                      ~~~~^^   File ""C:\Users\pherrman\Seafile\Meine Bibliothek\projects\Moo_Camp_Pallet_Packing\gurobi_coordinate_solver.py"", line 1151, in main     solution, _, _, _ = solve_instance(                         ~~~~~~~~~~~~~~^         input_path,         ^^^^^^^^^^^     ...<3 lines>...         args.print_model,         ^^^^^^^^^^^^^^^^^     )     ^   File ""C:\Users\pherrman\Seafile\Meine Bibliothek\projects\Moo_Camp_Pallet_Packing\gurobi_coordinate_solver.py"", line 1000, in solve_instance     solution = exact.solve()   File ""C:\Users\pherrman\Seafile\Meine Bibliothek\projects\Moo_Camp_Pallet_Packing\gurobi_coordinate_solver.py"", line 770, in solve     raise RuntimeError(f""no feasible solution found; Gurobi status={status} ({self.model.Status})"") RuntimeError: no feasible solution found; Gurobi status=TIME_LIMIT (9) "
pl082_n080_H1800_1_LB2UB3,80,50,grid_based,timed_out,,,,,,120.034,C:\Users\pherrman\Seafile\Meine Bibliothek\projects\Moo_Camp_Pallet_Packing\output\solver_comparison_pallet_count_only_2026-08-18\results\grid_based\pl082_n080_H1800_1_LB2UB3,external timeout after 120s
pl082_n080_H1800_1_LB2UB3,80,50,coordinate_based,failed,1,,,,,55.731,C:\Users\pherrman\Seafile\Meine Bibliothek\projects\Moo_Camp_Pallet_Packing\output\solver_comparison_pallet_count_only_2026-08-18\results\coordinate_based\pl082_n080_H1800_1_LB2UB3,"""C:\Users\pherrman\Seafile\Meine Bibliothek\projects\Moo_Camp_Pallet_Packing\gurobi_coordinate_solver.py"", line 1167, in <module>     raise SystemExit(main())                      ~~~~^^   File ""C:\Users\pherrman\Seafile\Meine Bibliothek\projects\Moo_Camp_Pallet_Packing\gurobi_coordinate_solver.py"", line 1151, in main     solution, _, _, _ = solve_instance(                         ~~~~~~~~~~~~~~^         input_path,         ^^^^^^^^^^^     ...<3 lines>...         args.print_model,         ^^^^^^^^^^^^^^^^^     )     ^   File ""C:\Users\pherrman\Seafile\Meine Bibliothek\projects\Moo_Camp_Pallet_Packing\gurobi_coordinate_solver.py"", line 1000, in solve_instance     solution = exact.solve()   File ""C:\Users\pherrman\Seafile\Meine Bibliothek\projects\Moo_Camp_Pallet_Packing\gurobi_coordinate_solver.py"", line 770, in solve     raise RuntimeError(f""no feasible solution found; Gurobi status={status} ({self.model.Status})"") RuntimeError: no feasible solution found; Gurobi status=TIME_LIMIT (9) "
pl083_n080_H1800_B1_LB3UB3,80,50,grid_based,timed_out,,,,,,120.043,C:\Users\pherrman\Seafile\Meine Bibliothek\projects\Moo_Camp_Pallet_Packing\output\solver_comparison_pallet_count_only_2026-08-18\results\grid_based\pl083_n080_H1800_B1_LB3UB3,external timeout after 120s
pl083_n080_H1800_B1_LB3UB3,80,50,coordinate_based,failed,1,,,,,61.311,C:\Users\pherrman\Seafile\Meine Bibliothek\projects\Moo_Camp_Pallet_Packing\output\solver_comparison_pallet_count_only_2026-08-18\results\coordinate_based\pl083_n080_H1800_B1_LB3UB3,"""C:\Users\pherrman\Seafile\Meine Bibliothek\projects\Moo_Camp_Pallet_Packing\gurobi_coordinate_solver.py"", line 1167, in <module>     raise SystemExit(main())                      ~~~~^^   File ""C:\Users\pherrman\Seafile\Meine Bibliothek\projects\Moo_Camp_Pallet_Packing\gurobi_coordinate_solver.py"", line 1151, in main     solution, _, _, _ = solve_instance(                         ~~~~~~~~~~~~~~^         input_path,         ^^^^^^^^^^^     ...<3 lines>...         args.print_model,         ^^^^^^^^^^^^^^^^^     )     ^   File ""C:\Users\pherrman\Seafile\Meine Bibliothek\projects\Moo_Camp_Pallet_Packing\gurobi_coordinate_solver.py"", line 1000, in solve_instance     solution = exact.solve()   File ""C:\Users\pherrman\Seafile\Meine Bibliothek\projects\Moo_Camp_Pallet_Packing\gurobi_coordinate_solver.py"", line 770, in solve     raise RuntimeError(f""no feasible solution found; Gurobi status={status} ({self.model.Status})"") RuntimeError: no feasible solution found; Gurobi status=TIME_LIMIT (9) "
pl084_n080_H1800_3_LB2UB2,80,50,grid_based,timed_out,,,,,,120.027,C:\Users\pherrman\Seafile\Meine Bibliothek\projects\Moo_Camp_Pallet_Packing\output\solver_comparison_pallet_count_only_2026-08-18\results\grid_based\pl084_n080_H1800_3_LB2UB2,external timeout after 120s
pl084_n080_H1800_3_LB2UB2,80,50,coordinate_based,failed,1,,,,,54.161,C:\Users\pherrman\Seafile\Meine Bibliothek\projects\Moo_Camp_Pallet_Packing\output\solver_comparison_pallet_count_only_2026-08-18\results\coordinate_based\pl084_n080_H1800_3_LB2UB2,"""C:\Users\pherrman\Seafile\Meine Bibliothek\projects\Moo_Camp_Pallet_Packing\gurobi_coordinate_solver.py"", line 1167, in <module>     raise SystemExit(main())                      ~~~~^^   File ""C:\Users\pherrman\Seafile\Meine Bibliothek\projects\Moo_Camp_Pallet_Packing\gurobi_coordinate_solver.py"", line 1151, in main     solution, _, _, _ = solve_instance(                         ~~~~~~~~~~~~~~^         input_path,         ^^^^^^^^^^^     ...<3 lines>...         args.print_model,         ^^^^^^^^^^^^^^^^^     )     ^   File ""C:\Users\pherrman\Seafile\Meine Bibliothek\projects\Moo_Camp_Pallet_Packing\gurobi_coordinate_solver.py"", line 1000, in solve_instance     solution = exact.solve()   File ""C:\Users\pherrman\Seafile\Meine Bibliothek\projects\Moo_Camp_Pallet_Packing\gurobi_coordinate_solver.py"", line 770, in solve     raise RuntimeError(f""no feasible solution found; Gurobi status={status} ({self.model.Status})"") RuntimeError: no feasible solution found; Gurobi status=TIME_LIMIT (9) "
pl085_n085_H1800_2_LB2UB2,85,50,grid_based,timed_out,,,,,,120.028,C:\Users\pherrman\Seafile\Meine Bibliothek\projects\Moo_Camp_Pallet_Packing\output\solver_comparison_pallet_count_only_2026-08-18\results\grid_based\pl085_n085_H1800_2_LB2UB2,external timeout after 120s
pl085_n085_H1800_2_LB2UB2,85,50,coordinate_based,failed,1,,,,,59.795,C:\Users\pherrman\Seafile\Meine Bibliothek\projects\Moo_Camp_Pallet_Packing\output\solver_comparison_pallet_count_only_2026-08-18\results\coordinate_based\pl085_n085_H1800_2_LB2UB2,"Traceback (most recent call last):   File ""C:\Users\pherrman\Seafile\Meine Bibliothek\projects\Moo_Camp_Pallet_Packing\gurobi_coordinate_solver.py"", line 1167, in <module>     ""pallet"": placement.pallet + 1,          ^^^^^^   File ""C:\Users\pherrman\Seafile\Meine Bibliothek\projects\Moo_Camp_Pallet_Packing\gurobi_coordinate_solver.py"", line 1151, in main         return names.get(status, f""STATUS_{status}"")                             ^^^^^^^^^^^^^^^^^^^^^^^^     ...<5 lines>...         grid = context[""grid_mm""]         ^   File ""C:\Users\pherrman\Seafile\Meine Bibliothek\projects\Moo_Camp_Pallet_Packing\gurobi_coordinate_solver.py"", line 1000, in solve_instance     ]        File ""C:\Users\pherrman\Seafile\Meine Bibliothek\projects\Moo_Camp_Pallet_Packing\gurobi_coordinate_solver.py"", line 770, in solve     raise RuntimeError(f""no feasible solution found; Gurobi status={status} ({self.model.Status})"") RuntimeError: no feasible solution found; Gurobi status=TIME_LIMIT (9) "
pl086_n085_H1800_1_LB2UB3,85,50,grid_based,timed_out,,,,,,120.024,C:\Users\pherrman\Seafile\Meine Bibliothek\projects\Moo_Camp_Pallet_Packing\output\solver_comparison_pallet_count_only_2026-08-18\results\grid_based\pl086_n085_H1800_1_LB2UB3,external timeout after 120s
pl086_n085_H1800_1_LB2UB3,85,50,coordinate_based,failed,1,,,,,64.904,C:\Users\pherrman\Seafile\Meine Bibliothek\projects\Moo_Camp_Pallet_Packing\output\solver_comparison_pallet_count_only_2026-08-18\results\coordinate_based\pl086_n085_H1800_1_LB2UB3,"""C:\Users\pherrman\Seafile\Meine Bibliothek\projects\Moo_Camp_Pallet_Packing\gurobi_coordinate_solver.py"", line 1514, in <module>     raise SystemExit(main())                      ~~~~^^   File ""C:\Users\pherrman\Seafile\Meine Bibliothek\projects\Moo_Camp_Pallet_Packing\gurobi_coordinate_solver.py"", line 1498, in main     solution, _, _, _ = solve_instance(                         ~~~~~~~~~~~~~~^         input_path,         ^^^^^^^^^^^     ...<3 lines>...         args.print_model,         ^^^^^^^^^^^^^^^^^     )     ^   File ""C:\Users\pherrman\Seafile\Meine Bibliothek\projects\Moo_Camp_Pallet_Packing\gurobi_coordinate_solver.py"", line 1347, in solve_instance     solution = exact.solve()   File ""C:\Users\pherrman\Seafile\Meine Bibliothek\projects\Moo_Camp_Pallet_Packing\gurobi_coordinate_solver.py"", line 770, in solve     raise RuntimeError(f""no feasible solution found; Gurobi status={status} ({self.model.Status})"") RuntimeError: no feasible solution found; Gurobi status=TIME_LIMIT (9) "
pl087_n085_H1500_M1_LB3UB3,85,50,grid_based,timed_out,,,,,,120.029,C:\Users\pherrman\Seafile\Meine Bibliothek\projects\Moo_Camp_Pallet_Packing\output\solver_comparison_pallet_count_only_2026-08-18\results\grid_based\pl087_n085_H1500_M1_LB3UB3,external timeout after 120s
pl087_n085_H1500_M1_LB3UB3,85,50,coordinate_based,failed,1,,,,,43.693,C:\Users\pherrman\Seafile\Meine Bibliothek\projects\Moo_Camp_Pallet_Packing\output\solver_comparison_pallet_count_only_2026-08-18\results\coordinate_based\pl087_n085_H1500_M1_LB3UB3,"""C:\Users\pherrman\Seafile\Meine Bibliothek\projects\Moo_Camp_Pallet_Packing\gurobi_coordinate_solver.py"", line 1515, in <module>     raise SystemExit(main())                      ~~~~^^   File ""C:\Users\pherrman\Seafile\Meine Bibliothek\projects\Moo_Camp_Pallet_Packing\gurobi_coordinate_solver.py"", line 1499, in main     solution, _, _, _ = solve_instance(                         ~~~~~~~~~~~~~~^         input_path,         ^^^^^^^^^^^     ...<3 lines>...         args.print_model,         ^^^^^^^^^^^^^^^^^     )     ^   File ""C:\Users\pherrman\Seafile\Meine Bibliothek\projects\Moo_Camp_Pallet_Packing\gurobi_coordinate_solver.py"", line 1348, in solve_instance     solution = exact.solve()   File ""C:\Users\pherrman\Seafile\Meine Bibliothek\projects\Moo_Camp_Pallet_Packing\gurobi_coordinate_solver.py"", line 771, in solve     raise RuntimeError(f""no feasible solution found; Gurobi status={status} ({self.model.Status})"") RuntimeError: no feasible solution found; Gurobi status=TIME_LIMIT (9) "
pl088_n085_H1800_3_LB2UB2,85,50,grid_based,timed_out,,,,,,120.036,C:\Users\pherrman\Seafile\Meine Bibliothek\projects\Moo_Camp_Pallet_Packing\output\solver_comparison_pallet_count_only_2026-08-18\results\grid_based\pl088_n085_H1800_3_LB2UB2,external timeout after 120s
pl088_n085_H1800_3_LB2UB2,85,50,coordinate_based,failed,1,,,,,45.275,C:\Users\pherrman\Seafile\Meine Bibliothek\projects\Moo_Camp_Pallet_Packing\output\solver_comparison_pallet_count_only_2026-08-18\results\coordinate_based\pl088_n085_H1800_3_LB2UB2,"""C:\Users\pherrman\Seafile\Meine Bibliothek\projects\Moo_Camp_Pallet_Packing\gurobi_coordinate_solver.py"", line 1515, in <module>     raise SystemExit(main())                      ~~~~^^   File ""C:\Users\pherrman\Seafile\Meine Bibliothek\projects\Moo_Camp_Pallet_Packing\gurobi_coordinate_solver.py"", line 1499, in main     solution, _, _, _ = solve_instance(                         ~~~~~~~~~~~~~~^         input_path,         ^^^^^^^^^^^     ...<3 lines>...         args.print_model,         ^^^^^^^^^^^^^^^^^     )     ^   File ""C:\Users\pherrman\Seafile\Meine Bibliothek\projects\Moo_Camp_Pallet_Packing\gurobi_coordinate_solver.py"", line 1348, in solve_instance     solution = exact.solve()   File ""C:\Users\pherrman\Seafile\Meine Bibliothek\projects\Moo_Camp_Pallet_Packing\gurobi_coordinate_solver.py"", line 771, in solve     raise RuntimeError(f""no feasible solution found; Gurobi status={status} ({self.model.Status})"") RuntimeError: no feasible solution found; Gurobi status=TIME_LIMIT (9) "
pl089_n090_H1800_2_LB2UB2,90,50,grid_based,timed_out,,,,,,120.033,C:\Users\pherrman\Seafile\Meine Bibliothek\projects\Moo_Camp_Pallet_Packing\output\solver_comparison_pallet_count_only_2026-08-18\results\grid_based\pl089_n090_H1800_2_LB2UB2,external timeout after 120s
pl089_n090_H1800_2_LB2UB2,90,50,coordinate_based,failed,1,,,,,47.001,C:\Users\pherrman\Seafile\Meine Bibliothek\projects\Moo_Camp_Pallet_Packing\output\solver_comparison_pallet_count_only_2026-08-18\results\coordinate_based\pl089_n090_H1800_2_LB2UB2,"""C:\Users\pherrman\Seafile\Meine Bibliothek\projects\Moo_Camp_Pallet_Packing\gurobi_coordinate_solver.py"", line 1515, in <module>     raise SystemExit(main())                      ~~~~^^   File ""C:\Users\pherrman\Seafile\Meine Bibliothek\projects\Moo_Camp_Pallet_Packing\gurobi_coordinate_solver.py"", line 1499, in main     solution, _, _, _ = solve_instance(                         ~~~~~~~~~~~~~~^         input_path,         ^^^^^^^^^^^     ...<3 lines>...         args.print_model,         ^^^^^^^^^^^^^^^^^     )     ^   File ""C:\Users\pherrman\Seafile\Meine Bibliothek\projects\Moo_Camp_Pallet_Packing\gurobi_coordinate_solver.py"", line 1348, in solve_instance     solution = exact.solve()   File ""C:\Users\pherrman\Seafile\Meine Bibliothek\projects\Moo_Camp_Pallet_Packing\gurobi_coordinate_solver.py"", line 771, in solve     raise RuntimeError(f""no feasible solution found; Gurobi status={status} ({self.model.Status})"") RuntimeError: no feasible solution found; Gurobi status=TIME_LIMIT (9) "
pl090_n090_H1800_1_LB2UB3,90,50,grid_based,timed_out,,,,,,120.029,C:\Users\pherrman\Seafile\Meine Bibliothek\projects\Moo_Camp_Pallet_Packing\output\solver_comparison_pallet_count_only_2026-08-18\results\grid_based\pl090_n090_H1800_1_LB2UB3,external timeout after 120s
pl090_n090_H1800_1_LB2UB3,90,50,coordinate_based,failed,1,,,,,46.112,C:\Users\pherrman\Seafile\Meine Bibliothek\projects\Moo_Camp_Pallet_Packing\output\solver_comparison_pallet_count_only_2026-08-18\results\coordinate_based\pl090_n090_H1800_1_LB2UB3,"""C:\Users\pherrman\Seafile\Meine Bibliothek\projects\Moo_Camp_Pallet_Packing\gurobi_coordinate_solver.py"", line 1515, in <module>     raise SystemExit(main())                      ~~~~^^   File ""C:\Users\pherrman\Seafile\Meine Bibliothek\projects\Moo_Camp_Pallet_Packing\gurobi_coordinate_solver.py"", line 1499, in main     solution, _, _, _ = solve_instance(                         ~~~~~~~~~~~~~~^         input_path,         ^^^^^^^^^^^     ...<3 lines>...         args.print_model,         ^^^^^^^^^^^^^^^^^     )     ^   File ""C:\Users\pherrman\Seafile\Meine Bibliothek\projects\Moo_Camp_Pallet_Packing\gurobi_coordinate_solver.py"", line 1348, in solve_instance     solution = exact.solve()   File ""C:\Users\pherrman\Seafile\Meine Bibliothek\projects\Moo_Camp_Pallet_Packing\gurobi_coordinate_solver.py"", line 771, in solve     raise RuntimeError(f""no feasible solution found; Gurobi status={status} ({self.model.Status})"") RuntimeError: no feasible solution found; Gurobi status=TIME_LIMIT (9) "
pl091_n090_H1800_M1_LB3UB3,90,50,grid_based,timed_out,,,,,,120.029,C:\Users\pherrman\Seafile\Meine Bibliothek\projects\Moo_Camp_Pallet_Packing\output\solver_comparison_pallet_count_only_2026-08-18\results\grid_based\pl091_n090_H1800_M1_LB3UB3,external timeout after 120s
pl091_n090_H1800_M1_LB3UB3,90,50,coordinate_based,failed,1,,,,,47.484,C:\Users\pherrman\Seafile\Meine Bibliothek\projects\Moo_Camp_Pallet_Packing\output\solver_comparison_pallet_count_only_2026-08-18\results\coordinate_based\pl091_n090_H1800_M1_LB3UB3,"""C:\Users\pherrman\Seafile\Meine Bibliothek\projects\Moo_Camp_Pallet_Packing\gurobi_coordinate_solver.py"", line 1515, in <module>     raise SystemExit(main())                      ~~~~^^   File ""C:\Users\pherrman\Seafile\Meine Bibliothek\projects\Moo_Camp_Pallet_Packing\gurobi_coordinate_solver.py"", line 1499, in main     solution, _, _, _ = solve_instance(                         ~~~~~~~~~~~~~~^         input_path,         ^^^^^^^^^^^     ...<3 lines>...         args.print_model,         ^^^^^^^^^^^^^^^^^     )     ^   File ""C:\Users\pherrman\Seafile\Meine Bibliothek\projects\Moo_Camp_Pallet_Packing\gurobi_coordinate_solver.py"", line 1348, in solve_instance     solution = exact.solve()   File ""C:\Users\pherrman\Seafile\Meine Bibliothek\projects\Moo_Camp_Pallet_Packing\gurobi_coordinate_solver.py"", line 771, in solve     raise RuntimeError(f""no feasible solution found; Gurobi status={status} ({self.model.Status})"") RuntimeError: no feasible solution found; Gurobi status=TIME_LIMIT (9) "
pl092_n090_H1800_3_LB2UB2,90,50,grid_based,timed_out,,,,,,120.027,C:\Users\pherrman\Seafile\Meine Bibliothek\projects\Moo_Camp_Pallet_Packing\output\solver_comparison_pallet_count_only_2026-08-18\results\grid_based\pl092_n090_H1800_3_LB2UB2,external timeout after 120s
pl092_n090_H1800_3_LB2UB2,90,50,coordinate_based,failed,1,,,,,49.749,C:\Users\pherrman\Seafile\Meine Bibliothek\projects\Moo_Camp_Pallet_Packing\output\solver_comparison_pallet_count_only_2026-08-18\results\coordinate_based\pl092_n090_H1800_3_LB2UB2,"""C:\Users\pherrman\Seafile\Meine Bibliothek\projects\Moo_Camp_Pallet_Packing\gurobi_coordinate_solver.py"", line 1515, in <module>     raise SystemExit(main())                      ~~~~^^   File ""C:\Users\pherrman\Seafile\Meine Bibliothek\projects\Moo_Camp_Pallet_Packing\gurobi_coordinate_solver.py"", line 1499, in main     solution, _, _, _ = solve_instance(                         ~~~~~~~~~~~~~~^         input_path,         ^^^^^^^^^^^     ...<3 lines>...         args.print_model,         ^^^^^^^^^^^^^^^^^     )     ^   File ""C:\Users\pherrman\Seafile\Meine Bibliothek\projects\Moo_Camp_Pallet_Packing\gurobi_coordinate_solver.py"", line 1348, in solve_instance     solution = exact.solve()   File ""C:\Users\pherrman\Seafile\Meine Bibliothek\projects\Moo_Camp_Pallet_Packing\gurobi_coordinate_solver.py"", line 771, in solve     raise RuntimeError(f""no feasible solution found; Gurobi status={status} ({self.model.Status})"") RuntimeError: no feasible solution found; Gurobi status=TIME_LIMIT (9) "
pl093_n095_H1800_2_LB2UB2,95,50,grid_based,timed_out,,,,,,120.034,C:\Users\pherrman\Seafile\Meine Bibliothek\projects\Moo_Camp_Pallet_Packing\output\solver_comparison_pallet_count_only_2026-08-18\results\grid_based\pl093_n095_H1800_2_LB2UB2,external timeout after 120s
pl093_n095_H1800_2_LB2UB2,95,50,coordinate_based,failed,1,,,,,54.615,C:\Users\pherrman\Seafile\Meine Bibliothek\projects\Moo_Camp_Pallet_Packing\output\solver_comparison_pallet_count_only_2026-08-18\results\coordinate_based\pl093_n095_H1800_2_LB2UB2,"""C:\Users\pherrman\Seafile\Meine Bibliothek\projects\Moo_Camp_Pallet_Packing\gurobi_coordinate_solver.py"", line 1515, in <module>     raise SystemExit(main())                      ~~~~^^   File ""C:\Users\pherrman\Seafile\Meine Bibliothek\projects\Moo_Camp_Pallet_Packing\gurobi_coordinate_solver.py"", line 1499, in main     solution, _, _, _ = solve_instance(                         ~~~~~~~~~~~~~~^         input_path,         ^^^^^^^^^^^     ...<3 lines>...         args.print_model,         ^^^^^^^^^^^^^^^^^     )     ^   File ""C:\Users\pherrman\Seafile\Meine Bibliothek\projects\Moo_Camp_Pallet_Packing\gurobi_coordinate_solver.py"", line 1348, in solve_instance     solution = exact.solve()   File ""C:\Users\pherrman\Seafile\Meine Bibliothek\projects\Moo_Camp_Pallet_Packing\gurobi_coordinate_solver.py"", line 771, in solve     raise RuntimeError(f""no feasible solution found; Gurobi status={status} ({self.model.Status})"") RuntimeError: no feasible solution found; Gurobi status=TIME_LIMIT (9) "
pl094_n095_H1800_1_LB2UB3,95,50,grid_based,timed_out,,,,,,120.039,C:\Users\pherrman\Seafile\Meine Bibliothek\projects\Moo_Camp_Pallet_Packing\output\solver_comparison_pallet_count_only_2026-08-18\results\grid_based\pl094_n095_H1800_1_LB2UB3,external timeout after 120s
pl094_n095_H1800_1_LB2UB3,95,50,coordinate_based,failed,1,,,,,49.83,C:\Users\pherrman\Seafile\Meine Bibliothek\projects\Moo_Camp_Pallet_Packing\output\solver_comparison_pallet_count_only_2026-08-18\results\coordinate_based\pl094_n095_H1800_1_LB2UB3,"""C:\Users\pherrman\Seafile\Meine Bibliothek\projects\Moo_Camp_Pallet_Packing\gurobi_coordinate_solver.py"", line 1515, in <module>     raise SystemExit(main())                      ~~~~^^   File ""C:\Users\pherrman\Seafile\Meine Bibliothek\projects\Moo_Camp_Pallet_Packing\gurobi_coordinate_solver.py"", line 1499, in main     solution, _, _, _ = solve_instance(                         ~~~~~~~~~~~~~~^         input_path,         ^^^^^^^^^^^     ...<3 lines>...         args.print_model,         ^^^^^^^^^^^^^^^^^     )     ^   File ""C:\Users\pherrman\Seafile\Meine Bibliothek\projects\Moo_Camp_Pallet_Packing\gurobi_coordinate_solver.py"", line 1348, in solve_instance     solution = exact.solve()   File ""C:\Users\pherrman\Seafile\Meine Bibliothek\projects\Moo_Camp_Pallet_Packing\gurobi_coordinate_solver.py"", line 771, in solve     raise RuntimeError(f""no feasible solution found; Gurobi status={status} ({self.model.Status})"") RuntimeError: no feasible solution found; Gurobi status=TIME_LIMIT (9) "
pl095_n095_H1800_M1_LB3UB3,95,50,grid_based,timed_out,,,,,,120.024,C:\Users\pherrman\Seafile\Meine Bibliothek\projects\Moo_Camp_Pallet_Packing\output\solver_comparison_pallet_count_only_2026-08-18\results\grid_based\pl095_n095_H1800_M1_LB3UB3,external timeout after 120s
pl095_n095_H1800_M1_LB3UB3,95,50,coordinate_based,failed,1,,,,,53.226,C:\Users\pherrman\Seafile\Meine Bibliothek\projects\Moo_Camp_Pallet_Packing\output\solver_comparison_pallet_count_only_2026-08-18\results\coordinate_based\pl095_n095_H1800_M1_LB3UB3,"""C:\Users\pherrman\Seafile\Meine Bibliothek\projects\Moo_Camp_Pallet_Packing\gurobi_coordinate_solver.py"", line 1515, in <module>     raise SystemExit(main())                      ~~~~^^   File ""C:\Users\pherrman\Seafile\Meine Bibliothek\projects\Moo_Camp_Pallet_Packing\gurobi_coordinate_solver.py"", line 1499, in main     solution, _, _, _ = solve_instance(                         ~~~~~~~~~~~~~~^         input_path,         ^^^^^^^^^^^     ...<3 lines>...         args.print_model,         ^^^^^^^^^^^^^^^^^     )     ^   File ""C:\Users\pherrman\Seafile\Meine Bibliothek\projects\Moo_Camp_Pallet_Packing\gurobi_coordinate_solver.py"", line 1348, in solve_instance     solution = exact.solve()   File ""C:\Users\pherrman\Seafile\Meine Bibliothek\projects\Moo_Camp_Pallet_Packing\gurobi_coordinate_solver.py"", line 771, in solve     raise RuntimeError(f""no feasible solution found; Gurobi status={status} ({self.model.Status})"") RuntimeError: no feasible solution found; Gurobi status=TIME_LIMIT (9) "
pl096_n095_H1800_3_LB2UB2,95,50,grid_based,timed_out,,,,,,120.035,C:\Users\pherrman\Seafile\Meine Bibliothek\projects\Moo_Camp_Pallet_Packing\output\solver_comparison_pallet_count_only_2026-08-18\results\grid_based\pl096_n095_H1800_3_LB2UB2,external timeout after 120s
pl096_n095_H1800_3_LB2UB2,95,50,coordinate_based,failed,1,,,,,52.625,C:\Users\pherrman\Seafile\Meine Bibliothek\projects\Moo_Camp_Pallet_Packing\output\solver_comparison_pallet_count_only_2026-08-18\results\coordinate_based\pl096_n095_H1800_3_LB2UB2,"""C:\Users\pherrman\Seafile\Meine Bibliothek\projects\Moo_Camp_Pallet_Packing\gurobi_coordinate_solver.py"", line 1515, in <module>     raise SystemExit(main())                      ~~~~^^   File ""C:\Users\pherrman\Seafile\Meine Bibliothek\projects\Moo_Camp_Pallet_Packing\gurobi_coordinate_solver.py"", line 1499, in main     solution, _, _, _ = solve_instance(                         ~~~~~~~~~~~~~~^         input_path,         ^^^^^^^^^^^     ...<3 lines>...         args.print_model,         ^^^^^^^^^^^^^^^^^     )     ^   File ""C:\Users\pherrman\Seafile\Meine Bibliothek\projects\Moo_Camp_Pallet_Packing\gurobi_coordinate_solver.py"", line 1348, in solve_instance     solution = exact.solve()   File ""C:\Users\pherrman\Seafile\Meine Bibliothek\projects\Moo_Camp_Pallet_Packing\gurobi_coordinate_solver.py"", line 771, in solve     raise RuntimeError(f""no feasible solution found; Gurobi status={status} ({self.model.Status})"") RuntimeError: no feasible solution found; Gurobi status=TIME_LIMIT (9) "
pl097_n100_H1800_2_LB2UB2,100,50,grid_based,timed_out,,,,,,120.029,C:\Users\pherrman\Seafile\Meine Bibliothek\projects\Moo_Camp_Pallet_Packing\output\solver_comparison_pallet_count_only_2026-08-18\results\grid_based\pl097_n100_H1800_2_LB2UB2,external timeout after 120s
pl097_n100_H1800_2_LB2UB2,100,50,coordinate_based,failed,1,,,,,50.043,C:\Users\pherrman\Seafile\Meine Bibliothek\projects\Moo_Camp_Pallet_Packing\output\solver_comparison_pallet_count_only_2026-08-18\results\coordinate_based\pl097_n100_H1800_2_LB2UB2,"""C:\Users\pherrman\Seafile\Meine Bibliothek\projects\Moo_Camp_Pallet_Packing\gurobi_coordinate_solver.py"", line 1515, in <module>     raise SystemExit(main())                      ~~~~^^   File ""C:\Users\pherrman\Seafile\Meine Bibliothek\projects\Moo_Camp_Pallet_Packing\gurobi_coordinate_solver.py"", line 1499, in main     solution, _, _, _ = solve_instance(                         ~~~~~~~~~~~~~~^         input_path,         ^^^^^^^^^^^     ...<3 lines>...         args.print_model,         ^^^^^^^^^^^^^^^^^     )     ^   File ""C:\Users\pherrman\Seafile\Meine Bibliothek\projects\Moo_Camp_Pallet_Packing\gurobi_coordinate_solver.py"", line 1348, in solve_instance     solution = exact.solve()   File ""C:\Users\pherrman\Seafile\Meine Bibliothek\projects\Moo_Camp_Pallet_Packing\gurobi_coordinate_solver.py"", line 771, in solve     raise RuntimeError(f""no feasible solution found; Gurobi status={status} ({self.model.Status})"") RuntimeError: no feasible solution found; Gurobi status=TIME_LIMIT (9) "
pl098_n100_H1800_1_LB2UB3,100,50,grid_based,timed_out,,,,,,120.039,C:\Users\pherrman\Seafile\Meine Bibliothek\projects\Moo_Camp_Pallet_Packing\output\solver_comparison_pallet_count_only_2026-08-18\results\grid_based\pl098_n100_H1800_1_LB2UB3,external timeout after 120s
pl098_n100_H1800_1_LB2UB3,100,50,coordinate_based,failed,1,,,,,54.845,C:\Users\pherrman\Seafile\Meine Bibliothek\projects\Moo_Camp_Pallet_Packing\output\solver_comparison_pallet_count_only_2026-08-18\results\coordinate_based\pl098_n100_H1800_1_LB2UB3,"""C:\Users\pherrman\Seafile\Meine Bibliothek\projects\Moo_Camp_Pallet_Packing\gurobi_coordinate_solver.py"", line 1515, in <module>     raise SystemExit(main())                      ~~~~^^   File ""C:\Users\pherrman\Seafile\Meine Bibliothek\projects\Moo_Camp_Pallet_Packing\gurobi_coordinate_solver.py"", line 1499, in main     solution, _, _, _ = solve_instance(                         ~~~~~~~~~~~~~~^         input_path,         ^^^^^^^^^^^     ...<3 lines>...         args.print_model,         ^^^^^^^^^^^^^^^^^     )     ^   File ""C:\Users\pherrman\Seafile\Meine Bibliothek\projects\Moo_Camp_Pallet_Packing\gurobi_coordinate_solver.py"", line 1348, in solve_instance     solution = exact.solve()   File ""C:\Users\pherrman\Seafile\Meine Bibliothek\projects\Moo_Camp_Pallet_Packing\gurobi_coordinate_solver.py"", line 771, in solve     raise RuntimeError(f""no feasible solution found; Gurobi status={status} ({self.model.Status})"") RuntimeError: no feasible solution found; Gurobi status=TIME_LIMIT (9) "
pl099_n100_H1800_M1_LB3UB3,100,50,grid_based,timed_out,,,,,,120.056,C:\Users\pherrman\Seafile\Meine Bibliothek\projects\Moo_Camp_Pallet_Packing\output\solver_comparison_pallet_count_only_2026-08-18\results\grid_based\pl099_n100_H1800_M1_LB3UB3,external timeout after 120s
pl099_n100_H1800_M1_LB3UB3,100,50,coordinate_based,failed,1,,,,,51.038,C:\Users\pherrman\Seafile\Meine Bibliothek\projects\Moo_Camp_Pallet_Packing\output\solver_comparison_pallet_count_only_2026-08-18\results\coordinate_based\pl099_n100_H1800_M1_LB3UB3,"""C:\Users\pherrman\Seafile\Meine Bibliothek\projects\Moo_Camp_Pallet_Packing\gurobi_coordinate_solver.py"", line 1515, in <module>     raise SystemExit(main())                      ~~~~^^   File ""C:\Users\pherrman\Seafile\Meine Bibliothek\projects\Moo_Camp_Pallet_Packing\gurobi_coordinate_solver.py"", line 1499, in main     solution, _, _, _ = solve_instance(                         ~~~~~~~~~~~~~~^         input_path,         ^^^^^^^^^^^     ...<3 lines>...         args.print_model,         ^^^^^^^^^^^^^^^^^     )     ^   File ""C:\Users\pherrman\Seafile\Meine Bibliothek\projects\Moo_Camp_Pallet_Packing\gurobi_coordinate_solver.py"", line 1348, in solve_instance     solution = exact.solve()   File ""C:\Users\pherrman\Seafile\Meine Bibliothek\projects\Moo_Camp_Pallet_Packing\gurobi_coordinate_solver.py"", line 771, in solve     raise RuntimeError(f""no feasible solution found; Gurobi status={status} ({self.model.Status})"") RuntimeError: no feasible solution found; Gurobi status=TIME_LIMIT (9) "
pl100_n100_H1800_3_LB2UB3,100,50,grid_based,timed_out,,,,,,120.024,C:\Users\pherrman\Seafile\Meine Bibliothek\projects\Moo_Camp_Pallet_Packing\output\solver_comparison_pallet_count_only_2026-08-18\results\grid_based\pl100_n100_H1800_3_LB2UB3,external timeout after 120s
pl100_n100_H1800_3_LB2UB3,100,50,coordinate_based,failed,1,,,,,51.232,C:\Users\pherrman\Seafile\Meine Bibliothek\projects\Moo_Camp_Pallet_Packing\output\solver_comparison_pallet_count_only_2026-08-18\results\coordinate_based\pl100_n100_H1800_3_LB2UB3,"""C:\Users\pherrman\Seafile\Meine Bibliothek\projects\Moo_Camp_Pallet_Packing\gurobi_coordinate_solver.py"", line 1515, in <module>     raise SystemExit(main())                      ~~~~^^   File ""C:\Users\pherrman\Seafile\Meine Bibliothek\projects\Moo_Camp_Pallet_Packing\gurobi_coordinate_solver.py"", line 1499, in main     solution, _, _, _ = solve_instance(                         ~~~~~~~~~~~~~~^         input_path,         ^^^^^^^^^^^     ...<3 lines>...         args.print_model,         ^^^^^^^^^^^^^^^^^     )     ^   File ""C:\Users\pherrman\Seafile\Meine Bibliothek\projects\Moo_Camp_Pallet_Packing\gurobi_coordinate_solver.py"", line 1348, in solve_instance     solution = exact.solve()   File ""C:\Users\pherrman\Seafile\Meine Bibliothek\projects\Moo_Camp_Pallet_Packing\gurobi_coordinate_solver.py"", line 771, in solve     raise RuntimeError(f""no feasible solution found; Gurobi status={status} ({self.model.Status})"") RuntimeError: no feasible solution found; Gurobi status=TIME_LIMIT (9) "
